0.1,0,120,23.5,6001.11,0.0707748,-0.000300878,35.0033,89.9403,0,7,42305.7,41888.4
0.2,0,120,23.5,6002.63,0.0952536,-0.000792974,35.0511,89.9404,0,7,42303.7,41886.1
0.3,0,120,23.5,6004.56,0.11983,0.00177638,35.224,89.9402,0,7,42301,41883.1
0.4,0,120,23.5,6006.92,0.144488,0.0139419,35.6362,89.9398,0,7,42297.6,41879.4
0.5,0,120,23.5,6009.71,0.16921,0.0492151,36.4485,89.9392,0,7,42293.7,41875
0.6,0,120,23.5,6012.95,0.193947,0.0365005,36.9157,89.9394,0,7,42289.1,41869.9
0.7,0,120,23.5,6016.64,0.218787,-0.0311704,35.9763,89.9405,0,7,42283.9,41864.1
0.8,0,120,23.5,6020.79,0.24378,-0.0279988,34.3461,89.9407,0,7,42278.1,41857.7
0.9,0,120,23.5,6025.36,0.268908,-0.0134173,32.486,89.9404,0,7,42271.6,41850.5
1,0,120,23.5,6030.34,0.294153,-0.0118886,30.4686,89.9396,0,7,42264.5,41842.6
1.1,0,120.001,23.5,6035.67,0.319492,-0.017383,28.3121,89.9382,0,7,42256.6,41833.9
1.2,0,120.001,23.5,6041.31,0.344891,-0.0188363,26.028,89.9355,0,7,42248.1,41824.4
1.3,0,120.001,23.5,6047.23,0.370311,0.00244277,23.6524,89.9292,0,7,42238.7,41814.1
1.4,0,120.001,23.5,6053.36,0.395744,0.0218495,21.3041,89.9198,0,7,42228.6,41803
1.5,0,120.001,23.5,6059.67,0.421181,0.0368941,19.1748,89.9091,0,7,42217.6,41791
1.6,0,120.001,23.5,6066.12,0.446634,0.0476718,17.2994,89.8991,0,7,42205.8,41778.2
1.7,0,120.001,23.5,6072.67,0.472117,0.0561702,15.6521,89.8907,0,7,42193.2,41764.4
1.8,0,120.001,23.5,6079.28,0.497643,0.0497862,14.2077,89.8835,0,7,42179.6,41749.8
1.9,0,120.002,23.5,6085.93,0.523228,0.0299431,12.9455,89.8769,0,7,42165.2,41734.3
2,0,120.002,23.5,6092.57,0.548888,0.00492427,11.8483,89.8709,0,7,42149.9,41717.8
2.1,0,120.002,23.5,6099.18,0.57464,-0.0223213,10.9007,89.8655,0,7,42133.7,41700.4
2.2,0,120.002,23.5,6105.73,0.600503,-0.0509739,10.0888,89.8607,0,7,42116.5,41682.2
2.3,0,120.002,23.5,6112.11,0.599149,-0.0705942,9.51543,89.8578,0,7,42098.9,41663.4
2.4,0,120.002,23.5,6118.23,0.597456,-0.062897,9.27665,89.8567,0,7,42081.1,41644.6
2.5,0,120.003,23.5,6124.11,0.595767,-0.0432804,9.21077,89.8523,0,7,42063.4,41625.8
2.6,0,120.003,23.5,6129.72,0.594172,-0.0297212,9.16963,89.8478,0,7,42045.6,41606.9
2.7,0,120.003,23.5,6135.08,0.592672,-0.0185012,9.15071,89.8442,0,7,42027.7,41588.1
2.8,0,120.003,23.5,6140.18,0.591267,-0.00905807,9.15194,89.8412,0,7,42009.8,41569.2
2.9,0,120.003,23.5,6145.02,0.58996,-0.00120257,9.17145,89.839,0,7,41991.8,41550.3
3,0,120.004,23.5,6149.62,0.588754,0.00665267,9.20084,89.8376,0,7,41973.7,41531.4
3.1,0,120.004,23.5,6153.97,0.587664,0.029531,9.17909,89.8414,0,7,41955.7,41512.5
3.2,0,120.004,23.5,6158.1,0.586663,0.0585948,9.11108,89.8503,0,7,41937.5,41493.5
3.3,0,120.004,23.5,6162.03,0.585727,0.0825221,9.01433,89.8612,0,7,41919.4,41474.6
3.4,0,120.004,23.5,6165.78,0.584841,0.0933844,8.90015,89.8723,0,7,41901.2,41455.6
3.5,0,120.005,23.5,6169.37,0.583997,0.0828567,8.77536,89.8821,0,7,41883,41436.7
3.6,0,120.005,23.5,6172.8,0.583186,0.0642113,8.64688,89.8903,0,7,41864.8,41417.7
3.7,0,120.005,23.5,6176.08,0.5824,0.0446186,8.51957,89.8973,0,7,41846.5,41398.8
3.8,0,120.005,23.5,6179.24,0.581636,0.0269049,8.39678,89.9033,0,7,41828.2,41379.9
3.9,0,120.005,23.5,6182.27,0.58089,0.0119965,8.28079,89.9083,0,7,41810,41360.9
4,0,120.006,23.5,6185.18,0.580157,6.46397e-06,8.1731,89.9126,0,7,41791.7,41342
4.1,0,120.006,23.5,6187.99,0.579436,-0.0092795,8.07463,89.9162,0,7,41773.4,41323.1
4.2,0,120.006,23.5,6190.7,0.578731,-0.0160216,7.98522,89.9192,0,7,41755.1,41304.2
4.3,0,120.006,23.5,6193.32,0.578045,-0.0205351,7.90481,89.9218,0,7,41736.8,41285.3
4.4,0,120.006,23.5,6195.85,0.577373,-0.0232882,7.83365,89.924,0,7,41718.5,41266.4
4.5,0,120.006,23.5,6198.3,0.576716,-0.0246572,7.7718,89.9259,0,7,41700.2,41247.5
4.6,0,120.007,23.5,6200.67,0.576069,-0.0249432,7.71908,89.9275,0,7,41681.9,41228.7
4.7,0,120.007,23.5,6202.98,0.575432,-0.0243962,7.67416,89.9288,0,7,41663.6,41209.8
4.8,0,120.007,23.5,6205.22,0.574804,-0.0232323,7.63545,89.93,0,7,41645.3,41191
4.9,0,120.007,23.5,6207.41,0.574182,-0.0216347,7.6017,89.931,0,7,41627.1,41172.2
5,0,120.007,23.5,6209.54,0.573566,-0.0197507,7.57189,89.9318,0,7,41608.8,41153.4
5.1,0,120.008,23.5,6211.62,0.572956,-0.017728,7.53548,89.9326,0,7,41590.5,41134.6
5.2,0,120.008,23.5,6213.66,0.572349,-0.0158147,7.48441,89.9332,0,7,41572.3,41115.8
5.3,0,120.008,23.5,6215.65,0.571748,-0.0141453,7.42219,89.9338,0,7,41554,41097
5.4,0,120.008,23.5,6217.6,0.571151,-0.0127474,7.35148,89.9344,0,7,41535.8,41078.3
5.5,0,120.008,23.5,6219.51,0.570559,-0.0116027,7.27429,89.9349,0,7,41517.6,41059.6
5.6,0,120.009,23.5,6221.38,0.569972,-0.0106752,7.19214,89.9353,0,7,41499.4,41040.9
5.7,0,120.009,23.5,6223.21,0.569391,-0.00992576,7.10619,89.9357,0,7,41481.2,41022.2
5.8,0,120.009,23.5,6225.01,0.568814,-0.0093182,7.01731,89.9361,0,7,41463,41003.5
5.9,0,120.009,23.5,6226.77,0.568243,-0.00882145,6.92617,89.9365,0,7,41444.8,40984.8
6,0,120.009,23.5,6228.49,0.567677,-0.00841015,6.83326,89.9368,0,7,41426.6,40966.2
6.1,0,120.01,23.5,6230.18,0.567116,-0.00806415,6.73898,89.9371,0,7,41408.5,40947.6
6.2,0,120.01,23.5,6231.82,0.566561,-0.00776775,6.64362,89.9375,0,7,41390.3,40929
6.3,0,120.01,23.5,6233.44,0.566011,-0.00750893,6.54739,89.9378,0,7,41372.2,40910.4
6.4,0,120.01,23.5,6235.02,0.565467,-0.00727856,6.45048,89.9381,0,7,41354.1,40891.8
6.5,0,120.01,23.5,6236.56,0.564928,-0.00706975,6.35301,89.9384,0,7,41336,40873.2
6.6,0,120.01,23.5,6238.06,0.564395,-0.00687737,6.25509,89.9387,0,7,41317.9,40854.7
6.7,0,120.011,23.5,6239.53,0.563867,-0.00669762,6.15678,89.939,0,7,41299.8,40836.1
6.8,0,120.011,23.5,6240.97,0.563344,-0.00652768,6.05817,89.9393,0,7,41281.7,40817.6
6.9,0,120.011,23.5,6242.37,0.562828,-0.00636548,5.95929,89.9396,0,7,41263.6,40799.1
7,0,120.011,23.5,6243.73,0.562316,-0.0062095,5.86017,89.9399,0,7,41245.5,40780.6
7.1,0,120.011,23.5,6245.06,0.561811,-0.00605866,5.76086,89.9402,0,7,41227.5,40762.1
7.2,0,120.012,23.5,6246.35,0.56131,-0.00591214,5.66137,89.9405,0,7,41209.4,40743.7
7.3,0,120.012,23.5,6247.61,0.560816,-0.00576938,5.56173,89.9408,0,7,41191.4,40725.2
7.4,0,120.012,23.5,6248.83,0.560326,-0.00562995,5.46195,89.9411,0,7,41173.4,40706.8
7.5,0,120.012,23.5,6250.01,0.559843,-0.00549358,5.36205,89.9414,0,7,41155.4,40688.4
7.6,0,120.012,23.5,6251.16,0.559365,-0.00536003,5.26203,89.9417,0,7,41137.4,40670
7.7,0,120.012,23.5,6252.28,0.558892,-0.00522917,5.1619,89.9421,0,7,41119.4,40651.6
7.8,0,120.013,23.5,6253.36,0.558425,-0.00510089,5.06168,89.9424,0,7,41101.4,40633.2
7.9,0,120.013,23.5,6254.4,0.557963,-0.0049751,4.96138,89.9427,0,7,41083.4,40614.9
8,0,120.013,23.5,6255.41,0.557507,-0.00485175,4.86099,89.943,0,7,41065.4,40596.5
8.1,0,120.013,23.5,6256.38,0.557057,-0.00473079,4.76053,89.9433,0,7,41047.4,40578.2
8.2,0,120.013,23.5,6257.32,0.556612,-0.0046122,4.66,89.9436,0,7,41029.5,40559.9
8.3,0,120.014,23.5,6258.22,0.556172,-0.00449595,4.5594,89.9439,0,7,41011.5,40541.5
8.4,0,120.014,23.5,6259.09,0.555738,-0.00438201,4.45875,89.9443,0,7,40993.6,40523.2
8.5,0,120.014,23.5,6259.93,0.55531,-0.00427035,4.35804,89.9446,0,7,40975.7,40505
8.6,0,120.014,23.5,6260.72,0.554887,-0.00416097,4.25728,89.9449,0,7,40957.7,40486.7
8.7,0,120.014,23.5,6261.49,0.554469,-0.00405383,4.15648,89.9452,0,7,40939.8,40468.4
8.8,0,120.015,23.5,6262.21,0.554057,-0.00394892,4.05563,89.9455,0,7,40921.9,40450.2
8.9,0,120.015,23.5,6262.91,0.55365,-0.00384621,3.95474,89.9459,0,7,40904,40432
9,0,120.015,23.5,6263.56,0.553249,-0.00374567,3.85382,89.9462,0,7,40886.1,40413.7
9.1,0,120.015,23.5,6264.19,0.552854,-0.0036473,3.75287,89.9465,0,7,40868.2,40395.5
9.2,0,120.015,23.5,6264.78,0.552463,-0.00355105,3.65188,89.9469,0,7,40850.3,40377.3
9.3,0,120.015,23.5,6265.33,0.552079,-0.00345691,3.55088,89.9472,0,7,40832.5,40359.2
9.4,0,120.016,23.5,6265.85,0.551699,-0.00336485,3.44985,89.9475,0,7,40814.6,40341
9.5,0,120.016,23.5,6266.33,0.551687,-0.00266394,3.34882,89.9479,0,7,40796.7,40322.8
9.6,0,120.016,23.5,6266.78,0.551672,-0.000876859,3.24783,89.9482,0,7,40778.9,40304.7
9.7,0,120.016,23.5,6267.2,0.551655,0.00154521,3.14689,89.9485,0,7,40761,40286.5
9.8,0,120.016,23.5,6267.58,0.551634,0.00430505,3.04601,89.9489,0,7,40743.1,40268.3
9.9,0,120.017,23.5,6267.93,0.55161,0.00725311,2.9449,89.9493,0,7,40725.2,40250.2
10,0,120.017,23.5,6268.25,0.551583,0.0102093,2.84384,89.9497,0,7,40707.3,40232
10.1,0,120.017,23.5,6268.53,0.551554,0.0130811,2.74291,89.9501,0,7,40689.4,40213.9
10.2,0,120.017,23.5,6268.78,0.551524,0.0158195,2.64208,89.9505,0,7,40671.5,40195.7
10.3,0,120.017,23.5,6268.99,0.551491,0.0183913,2.54134,89.951,0,7,40653.6,40177.5
10.4,0,120.017,23.5,6269.17,0.551457,0.0207745,2.4407,89.9514,0,7,40635.7,40159.4
10.5,0,120.018,23.5,6269.32,0.551421,0.0229559,2.34015,89.9519,0,7,40617.8,40141.2
10.6,0,120.018,23.5,6269.43,0.551385,0.0249292,2.23967,89.9523,0,7,40599.9,40123.1
10.7,0,120.018,23.5,6269.52,0.551348,0.026693,2.13927,89.9528,0,7,40582,40104.9
10.8,0,120.018,23.5,6269.56,0.55131,0.0282495,2.03894,89.9533,0,7,40564.1,40086.8
10.9,0,120.018,23.5,6269.58,0.551273,0.0296039,1.93873,89.9538,0,7,40546.2,40068.6
11,0,120.019,23.5,6269.56,0.551236,0.0307642,1.83882,89.9543,0,7,40528.2,40050.4
11.1,0,120.019,23.5,6269.51,0.5512,0.0317405,1.73937,89.9547,0,7,40510.3,40032.3
11.2,0,120.019,23.5,6269.42,0.551164,0.0325439,1.64054,89.9552,0,7,40492.4,40014.2
11.3,0,120.019,23.5,6269.3,0.551129,0.0331861,1.54244,89.9557,0,7,40474.4,39996
11.4,0,120.019,23.5,6269.15,0.551095,0.0336782,1.4452,89.9562,0,7,40456.5,39977.9
11.5,0,120.019,23.5,6268.97,0.551061,0.0340313,1.3489,89.9567,0,7,40438.6,39959.7
11.6,0,120.02,23.5,6268.75,0.551029,0.034256,1.25363,89.9572,0,7,40420.6,39941.6
11.7,0,120.02,23.5,6268.5,0.550998,0.0343622,1.15948,89.9577,0,7,40402.7,39923.4
11.8,0,120.02,23.5,6268.22,0.550968,0.0343595,1.0665,89.9582,0,7,40384.7,39905.3
11.9,0,120.02,23.5,6267.9,0.550939,0.0342566,0.974768,89.9587,0,7,40366.8,39887.2
12,0,120.02,23.5,6267.55,0.550912,0.0340619,0.884341,89.9592,0,7,40348.8,39869
12.1,0,120.021,23.5,6267.18,0.550886,0.0337836,0.795275,89.9597,0,7,40330.8,39850.9
12.2,0,120.021,23.5,6266.77,0.550863,0.0334779,0.707606,89.9602,0,7,40312.9,39832.8
12.3,0,120.021,23.5,6266.33,0.550841,0.0331692,0.621375,89.9607,0,7,40294.9,39814.7
12.4,0,120.021,23.5,6265.85,0.550821,0.0328366,0.53663,89.9612,0,7,40276.9,39796.5
12.5,0,120.021,23.5,6265.35,0.550804,0.0324703,0.453413,89.9618,0,7,40259,39778.4
12.6,0,120.021,23.5,6264.82,0.550788,0.0320675,0.371764,89.9623,0,7,40241,39760.3
12.7,0,120.022,23.5,6264.25,0.550775,0.0316286,0.291722,89.9628,0,7,40223,39742.2
12.8,0,120.022,23.5,6263.66,0.550765,0.0311558,0.213321,89.9633,0,7,40205,39724
12.9,0,120.022,23.5,6263.04,0.550757,0.0306517,0.136592,89.9639,0,7,40187,39705.9
13,0,120.022,23.5,6262.39,0.550751,0.030119,0.061565,89.9644,0,7,40169.1,39687.8
13.1,0,120.022,23.5,6261.71,0.550748,0.0295606,-0.0117321,89.9649,0,7,40151.1,39669.7
13.2,0,120.023,23.5,6261,0.550748,0.028979,-0.0832747,89.9655,0,7,40133.1,39651.6
13.3,0,120.023,23.5,6260.27,0.55075,0.0283764,-0.15304,89.966,0,7,40115.1,39633.5
13.4,0,120.023,23.5,6259.51,0.550755,0.027755,-0.221008,89.9666,0,7,40097.1,39615.4
13.5,0,120.023,23.5,6258.72,0.550762,0.0271166,-0.287159,89.9671,0,7,40079.1,39597.3
13.6,0,120.023,23.5,6257.91,0.550772,0.0264628,-0.351478,89.9677,0,7,40061.1,39579.2
13.7,0,120.024,23.5,6257.07,0.550785,0.025795,-0.41395,89.9682,0,7,40043.1,39561
13.8,0,120.024,23.5,6256.2,0.5508,0.0251144,-0.474562,89.9687,0,7,40025.1,39542.9
13.9,0,120.024,23.5,6255.31,0.550818,0.0244221,-0.533305,89.9693,0,7,40007.1,39524.8
14,0,120.024,23.5,6254.4,0.550838,0.023719,-0.590169,89.9698,0,7,39989.1,39506.7
14.1,0,120.024,23.5,6253.46,0.550861,0.0230059,-0.645148,89.9704,0,7,39971,39488.6
14.2,0,120.024,23.5,6252.5,0.550887,0.0222834,-0.698237,89.9709,0,7,39953,39470.5
14.3,0,120.025,23.5,6251.52,0.550915,0.0215521,-0.749433,89.9715,0,7,39935,39452.4
14.4,0,120.025,23.5,6250.52,0.550946,0.0208124,-0.798734,89.972,0,7,39917,39434.3
14.5,0,120.025,23.5,6249.5,0.55098,0.0200647,-0.846141,89.9726,0,7,39898.9,39416.2
14.6,0,120.025,23.5,6248.45,0.551016,0.0193092,-0.891655,89.9731,0,7,39880.9,39398.1
14.7,0,120.025,23.5,6247.38,0.551054,0.0185462,-0.93528,89.9736,0,7,39862.9,39380
14.8,0,120.026,23.5,6246.3,0.551095,0.0177759,-0.977021,89.9742,0,7,39844.8,39361.9
14.9,0,120.026,23.5,6245.2,0.551138,0.0169983,-1.01688,89.9747,0,7,39826.8,39343.8
15,0,120.026,23.5,6244.07,0.551184,0.0162136,-1.05488,89.9753,0,7,39808.8,39325.7
15.1,0,120.026,23.5,6242.93,0.551232,0.0154217,-1.09101,89.9758,0,7,39790.7,39307.6
15.2,0,120.026,23.5,6241.78,0.551283,0.0146226,-1.12529,89.9763,0,7,39772.7,39289.5
15.3,0,120.026,23.5,6240.6,0.551335,0.0138164,-1.15774,89.9769,0,7,39754.6,39271.4
15.4,0,120.027,23.5,6239.41,0.55139,0.0130029,-1.18836,89.9774,0,7,39736.6,39253.3
15.5,0,120.027,23.5,6238.21,0.551447,0.012182,-1.21717,89.9779,0,7,39718.5,39235.2
15.6,0,120.027,23.5,6236.99,0.551506,0.0113538,-1.24419,89.9784,0,7,39700.5,39217.1
15.7,0,120.027,23.5,6235.76,0.551567,0.0105181,-1.26944,89.9789,0,7,39682.4,39199
15.8,0,120.027,23.5,6234.51,0.55163,0.00967472,-1.29292,89.9795,0,7,39664.3,39180.9
15.9,0,120.028,23.5,6233.25,0.551696,0.00882362,-1.31466,89.98,0,7,39646.3,39162.8
16,0,120.028,23.5,6231.98,0.551763,0.00796466,-1.33469,89.9805,0,7,39628.2,39144.7
16.1,0,120.028,23.5,6230.69,0.551831,0.00709774,-1.35302,89.981,0,7,39610.1,39126.6
16.2,0,120.028,23.5,6229.4,0.551902,0.00622272,-1.36967,89.9815,0,7,39592.1,39108.5
16.3,0,120.028,23.5,6228.09,0.551974,0.0053395,-1.38467,89.982,0,7,39574,39090.4
16.4,0,120.028,23.5,6226.77,0.552048,0.00444797,-1.39804,89.9825,0,7,39555.9,39072.3
16.5,0,120.029,23.5,6225.45,0.552124,0.00354802,-1.4098,89.983,0,7,39537.8,39054.2
16.6,0,120.029,23.5,6224.11,0.552201,0.00263956,-1.41999,89.9835,0,7,39519.8,39036.1
16.7,0,120.029,23.5,6222.77,0.55228,0.00172251,-1.42862,89.9839,0,7,39501.7,39018
16.8,0,120.029,23.5,6221.42,0.55236,0.000796786,-1.43573,89.9844,0,7,39483.6,38999.9
16.9,0,120.029,23.5,6220.06,0.552441,-0.000137671,-1.44135,89.9849,0,7,39465.5,38981.8
17,0,120.03,23.5,6218.7,0.552524,-0.00108091,-1.44549,89.9854,0,7,39447.4,38963.6
17.1,0,120.03,23.5,6217.33,0.552608,-0.00203297,-1.44819,89.9858,0,7,39429.3,38945.5
17.2,0,120.03,23.5,6215.95,0.552693,-0.00299385,-1.44948,89.9863,0,7,39411.2,38927.4
17.3,0,120.03,23.5,6214.57,0.552779,-0.00396359,-1.44938,89.9867,0,7,39393.1,38909.3
17.4,0,120.03,23.5,6213.18,0.552867,-0.00494217,-1.44794,89.9872,0,7,39375,38891.2
17.5,0,120.03,23.5,6211.79,0.552955,-0.00592958,-1.44517,89.9876,0,7,39356.9,38873
17.6,0,120.031,23.5,6210.4,0.553044,-0.00692581,-1.44111,89.988,0,7,39338.8,38854.9
17.7,0,120.031,23.5,6209,0.553134,-0.00793079,-1.4358,89.9885,0,7,39320.7,38836.8
17.8,0,120.031,23.5,6207.6,0.553226,-0.00894448,-1.42926,89.9889,0,7,39302.5,38818.6
17.9,0,120.031,23.5,6206.2,0.553317,-0.00996679,-1.42152,89.9893,0,7,39284.4,38800.5
18,0,120.031,23.5,6204.8,0.55341,-0.0109976,-1.41262,89.9897,0,7,39266.3,38782.4
18.1,0,120.032,23.5,6203.4,0.553503,-0.0120369,-1.4026,89.9901,0,7,39248.2,38764.2
18.2,0,120.032,23.5,6201.99,0.553597,-0.0130845,-1.39147,89.9905,0,7,39230.1,38746.1
18.3,0,120.032,23.5,6200.59,0.553691,-0.0141402,-1.37928,89.9909,0,7,39211.9,38727.9
18.4,0,120.032,23.5,6199.18,0.553786,-0.015204,-1.36606,89.9912,0,7,39193.8,38709.8
18.5,0,120.032,23.5,6197.78,0.553881,-0.0162755,-1.35185,89.9916,0,7,39175.7,38691.6
18.6,0,120.032,23.5,6196.38,0.553977,-0.0173548,-1.33667,89.992,0,7,39157.5,38673.5
18.7,0,120.033,23.5,6194.98,0.554073,-0.0184415,-1.32055,89.9923,0,7,39139.4,38655.3
18.8,0,120.033,23.5,6193.58,0.554169,-0.0195354,-1.30354,89.9927,0,7,39121.2,38637.2
18.9,0,120.033,23.5,6192.18,0.554266,-0.0206422,-1.28564,89.993,0,7,39103.1,38619
19,0,120.033,23.5,6190.79,0.554362,-0.0217529,-1.2669,89.9933,0,7,39085,38600.9
19.1,0,120.033,23.5,6189.4,0.554459,-0.022868,-1.24738,89.9937,0,7,39066.8,38582.7
19.2,0,120.034,23.5,6188.01,0.554556,-0.0239882,-1.22709,89.994,0,7,39048.7,38564.5
19.3,0,120.034,23.5,6186.62,0.554653,-0.025114,-1.20607,89.9943,0,7,39030.5,38546.3
19.4,0,120.034,23.5,6185.24,0.55475,-0.0262453,-1.18435,89.9946,0,7,39012.4,38528.2
19.5,0,120.034,23.5,6183.87,0.554847,-0.0273819,-1.16197,89.9949,0,7,38994.2,38510
19.6,0,120.034,23.5,6182.5,0.554944,-0.0285236,-1.13895,89.9951,0,7,38976,38491.8
19.7,0,120.035,23.5,6181.13,0.555041,-0.0296701,-1.11533,89.9954,0,7,38957.9,38473.6
19.8,0,120.035,23.5,6179.77,0.555138,-0.030821,-1.09114,89.9957,0,7,38939.7,38455.4
19.9,0,120.035,23.5,6178.42,0.555234,-0.031976,-1.06641,89.9959,0,7,38921.6,38437.3
20,0,120.035,23.5,6177.07,0.55533,-0.0331347,-1.04117,89.9962,0,7,38903.4,38419.1
20.1,0,120.035,23.5,6175.73,0.555426,-0.0342967,-1.01544,89.9964,0,7,38885.2,38400.9
20.2,0,120.035,23.5,6174.39,0.555522,-0.0354617,-0.989274,89.9966,0,7,38867.1,38382.7
20.3,0,120.036,23.5,6173.06,0.555617,-0.0366293,-0.962685,89.9968,0,7,38848.9,38364.5
20.4,0,120.036,23.5,6171.74,0.555712,-0.037799,-0.935706,89.997,0,7,38830.7,38346.3
20.5,0,120.036,23.5,6170.43,0.555807,-0.0389705,-0.908366,89.9972,0,7,38812.5,38328.1
20.6,0,120.036,23.5,6169.12,0.555901,-0.0401433,-0.880693,89.9974,0,7,38794.4,38309.9
20.7,0,120.036,23.5,6167.82,0.555995,-0.0413171,-0.852715,89.9976,0,7,38776.2,38291.6
20.8,0,120.037,23.5,6166.53,0.556088,-0.0424913,-0.824459,89.9978,0,7,38758,38273.4
20.9,0,120.037,23.5,6165.24,0.556181,-0.0436655,-0.795951,89.9979,0,7,38739.8,38255.2
21,0,120.037,23.5,6163.97,0.556273,-0.0448393,-0.767218,89.9981,0,7,38721.7,38237
21.1,0,120.037,23.5,6162.7,0.556364,-0.0460123,-0.738284,89.9982,0,7,38703.5,38218.8
21.2,0,120.037,23.5,6161.44,0.556455,-0.047184,-0.709175,89.9984,0,7,38685.3,38200.5
21.3,0,120.037,23.5,6160.19,0.556546,-0.0483539,-0.679915,89.9985,0,7,38667.1,38182.3
21.4,0,120.038,23.5,6158.95,0.556635,-0.0495216,-0.650528,89.9986,0,7,38648.9,38164.1
21.5,0,120.038,23.5,6157.71,0.556725,-0.0506866,-0.621037,89.9987,0,7,38630.7,38145.8
21.6,0,120.038,23.5,6156.49,0.556813,-0.0518486,-0.591465,89.9988,0,7,38612.5,38127.6
21.7,0,120.038,23.5,6155.27,0.556901,-0.053007,-0.561833,89.9989,0,7,38594.3,38109.3
21.8,0,120.038,23.5,6154.07,0.556988,-0.0541615,-0.532164,89.999,0,7,38576.1,38091.1
21.9,0,120.039,23.5,6152.87,0.557074,-0.0553115,-0.502478,89.9991,0,7,38557.9,38072.9
22,0,120.039,23.5,6151.68,0.557159,-0.0564567,-0.472796,89.9992,0,7,38539.8,38054.6
22.1,0,120.039,23.5,6150.51,0.557244,-0.0575966,-0.443137,89.9992,0,7,38521.6,38036.4
22.2,0,120.039,23.5,6149.34,0.557328,-0.0587309,-0.413521,89.9993,0,7,38503.4,38018.1
22.3,0,120.039,23.5,6148.18,0.557411,-0.0598591,-0.383967,89.9993,0,7,38485.2,37999.8
22.4,0,120.039,23.5,6147.03,0.557494,-0.0609808,-0.354492,89.9993,0,7,38467,37981.6
22.5,0,120.04,23.5,6145.89,0.557575,-0.0620956,-0.325113,89.9994,0,7,38448.8,37963.3
22.6,0,120.04,23.5,6144.76,0.557656,-0.0632031,-0.295849,89.9994,0,7,38430.6,37945.1
22.7,0,120.04,23.5,6143.64,0.557736,-0.064303,-0.266714,89.9994,0,7,38412.4,37926.8
22.8,0,120.04,23.5,6142.53,0.557815,-0.0653949,-0.237726,89.9994,0,7,38394.2,37908.5
22.9,0,120.04,23.5,6141.43,0.557893,-0.0664784,-0.208898,89.9994,0,7,38375.9,37890.2
23,0,120.041,23.5,6140.34,0.55797,-0.0675531,-0.180246,89.9994,0,7,38357.7,37872
23.1,0,120.041,23.5,6139.26,0.558046,-0.0686188,-0.151783,89.9994,0,7,38339.5,37853.7
23.2,0,120.041,23.5,6138.19,0.558122,-0.0696751,-0.123523,89.9994,0,7,38321.3,37835.4
23.3,0,120.041,23.5,6137.12,0.558197,-0.0707217,-0.0954783,89.9993,0,7,38303.1,37817.1
23.4,0,120.041,23.5,6136.07,0.55827,-0.0717582,-0.0676617,89.9993,0,7,38284.9,37798.8
23.5,0,120.042,23.5,6135.03,0.558343,-0.0727845,-0.0400848,89.9993,0,7,38266.7,37780.6
23.6,0,120.042,23.5,6134,0.558415,-0.0738001,-0.0127586,89.9992,0,7,38248.5,37762.3
23.7,0,120.042,23.5,6132.97,0.558486,-0.0748048,0.0143064,89.9992,0,7,38230.3,37744
23.8,0,120.042,23.5,6131.96,0.558557,-0.0757984,0.0411001,89.9991,0,7,38212.1,37725.7
23.9,0,120.042,23.5,6130.96,0.558626,-0.0767805,0.0676131,89.9991,0,7,38193.9,37707.4
24,0,120.042,23.5,6129.96,0.558694,-0.077751,0.0938364,89.999,0,7,38175.7,37689.1
24.1,0,120.043,23.5,6128.98,0.558762,-0.0787097,0.119762,89.9989,0,7,38157.5,37670.8
24.2,0,120.043,23.5,6128,0.558828,-0.0796562,0.145381,89.9988,0,7,38139.2,37652.5
24.3,0,120.043,23.5,6127.04,0.558894,-0.0805905,0.170687,89.9987,0,7,38121,37634.2
24.4,0,120.043,23.5,6126.08,0.558959,-0.0815122,0.195673,89.9987,0,7,38102.8,37615.9
24.5,0,120.043,23.5,6125.13,0.559023,-0.0824213,0.220332,89.9986,0,7,38084.6,37597.6
24.6,0,120.044,23.5,6124.2,0.559086,-0.0833175,0.24466,89.9985,0,7,38066.4,37579.3
24.7,0,120.044,23.5,6123.27,0.559148,-0.0842007,0.268649,89.9984,0,7,38048.2,37561
24.8,0,120.044,23.5,6122.35,0.559209,-0.0850708,0.292296,89.9982,0,7,38030,37542.6
24.9,0,120.044,23.5,6121.43,0.559269,-0.0859275,0.315597,89.9981,0,7,38011.8,37524.3
25,0,120.044,23.5,6120.53,0.559329,-0.0867708,0.338547,89.998,0,7,37993.6,37506
25.1,0,120.045,23.5,6119.64,0.559387,-0.0876005,0.361142,89.9979,0,7,37975.3,37487.7
25.2,0,120.045,23.5,6118.75,0.559445,-0.0884166,0.383381,89.9978,0,7,37957.1,37469.4
25.3,0,120.045,23.5,6117.88,0.559502,-0.089219,0.405259,89.9976,0,7,37938.9,37451.1
25.4,0,120.045,23.5,6117.01,0.559558,-0.0900075,0.426776,89.9975,0,7,37920.7,37432.7
25.5,0,120.045,23.5,6116.15,0.559613,-0.0907821,0.447929,89.9974,0,7,37902.5,37414.4
25.6,0,120.045,23.5,6115.3,0.559668,-0.0915427,0.468717,89.9972,0,7,37884.3,37396.1
25.7,0,120.046,23.5,6114.45,0.559721,-0.0922893,0.489139,89.9971,0,7,37866.1,37377.8
25.8,0,120.046,23.5,6113.62,0.559774,-0.0930218,0.509195,89.9969,0,7,37847.9,37359.4
25.9,0,120.046,23.5,6112.79,0.559826,-0.0937401,0.528885,89.9968,0,7,37829.6,37341.1
26,0,120.046,23.5,6111.97,0.559877,-0.0944444,0.548208,89.9966,0,7,37811.4,37322.8
26.1,0,120.046,23.5,6111.15,0.559927,-0.0951344,0.567165,89.9965,0,7,37793.2,37304.4
26.2,0,120.047,23.5,6110.35,0.559977,-0.0958103,0.585758,89.9963,0,7,37775,37286.1
26.3,0,120.047,23.5,6109.55,0.560025,-0.096472,0.603987,89.9962,0,7,37756.8,37267.8
26.4,0,120.047,23.5,6108.76,0.560073,-0.0971195,0.621854,89.996,0,7,37738.6,37249.4
26.5,0,120.047,23.5,6107.98,0.560121,-0.0977528,0.639361,89.9958,0,7,37720.4,37231.1
26.6,0,120.047,23.5,6107.2,0.560167,-0.098372,0.65651,89.9957,0,7,37702.2,37212.8
26.7,0,120.047,23.5,6106.43,0.560213,-0.0989771,0.673304,89.9955,0,7,37683.9,37194.4
26.8,0,120.048,23.5,6105.67,0.560258,-0.0995681,0.689745,89.9953,0,7,37665.7,37176.1
26.9,0,120.048,23.5,6104.91,0.560302,-0.100145,0.705836,89.9952,0,7,37647.5,37157.8
27,0,120.048,23.5,6104.17,0.560346,-0.100708,0.721582,89.995,0,7,37629.3,37139.4
27.1,0,120.048,23.5,6103.42,0.560389,-0.101257,0.736985,89.9948,0,7,37611.1,37121.1
27.2,0,120.048,23.5,6102.69,0.560431,-0.101792,0.752048,89.9946,0,7,37592.9,37102.7
27.3,0,120.049,23.5,6101.96,0.560473,-0.102314,0.766777,89.9944,0,7,37574.7,37084.4
27.4,0,120.049,23.5,6101.23,0.560514,-0.102821,0.781176,89.9943,0,7,37556.5,37066
27.5,0,120.049,23.5,6100.51,0.560554,-0.103315,0.795248,89.9941,0,7,37538.3,37047.7
27.6,0,120.049,23.5,6099.8,0.560594,-0.103795,0.808999,89.9939,0,7,37520.1,37029.3
27.7,0,120.049,23.5,6099.1,0.560633,-0.104262,0.822433,89.9937,0,7,37501.9,37011
27.8,0,120.05,23.5,6098.4,0.560671,-0.104716,0.835556,89.9935,0,7,37483.6,36992.7
27.9,0,120.05,23.5,6097.7,0.560709,-0.105156,0.848372,89.9933,0,7,37465.4,36974.3
28,0,120.05,23.5,6097.01,0.560746,-0.105583,0.860887,89.9932,0,7,37447.2,36956
28.1,0,120.05,23.5,6096.33,0.560783,-0.105996,0.873107,89.993,0,7,37429,36937.6
28.2,0,120.05,23.5,6095.65,0.560819,-0.106397,0.885036,89.9928,0,7,37410.8,36919.3
28.3,0,120.05,23.5,6094.97,0.560855,-0.106785,0.896681,89.9926,0,7,37392.6,36900.9
28.4,0,120.051,23.5,6094.31,0.56089,-0.10716,0.908048,89.9924,0,7,37374.4,36882.6
28.5,0,120.051,23.5,6093.64,0.560925,-0.107522,0.919143,89.9922,0,7,37356.2,36864.2
28.6,0,120.051,23.5,6092.98,0.560959,-0.107872,0.929971,89.992,0,7,37338,36845.9
28.7,0,120.051,23.5,6092.33,0.560992,-0.10821,0.940539,89.9918,0,7,37319.8,36827.5
28.8,0,120.051,23.5,6091.68,0.561026,-0.108535,0.950853,89.9916,0,7,37301.6,36809.1
28.9,0,120.052,23.5,6091.03,0.561058,-0.108848,0.960919,89.9914,0,7,37283.4,36790.8
29,0,120.052,23.5,6090.39,0.56109,-0.109149,0.970744,89.9912,0,7,37265.2,36772.4
29.1,0,120.052,23.5,6089.75,0.561122,-0.109438,0.980334,89.991,0,7,37247,36754.1
29.2,0,120.052,23.5,6089.12,0.561154,-0.109715,0.989696,89.9909,0,7,37228.8,36735.7
29.3,0,120.052,23.5,6088.49,0.561184,-0.109981,0.998835,89.9907,0,7,37210.6,36717.4
29.4,0,120.053,23.5,6087.87,0.561215,-0.110235,1.00776,89.9905,0,7,37192.4,36699
29.5,0,120.053,23.5,6087.25,0.561245,-0.110477,1.01648,89.9903,0,7,37174.2,36680.7
29.6,0,120.053,23.5,6086.63,0.561275,-0.110709,1.02499,89.9901,0,7,37156,36662.3
29.7,0,120.053,23.5,6086.02,0.561304,-0.110929,1.03331,89.9899,0,7,37137.8,36643.9
29.8,0,120.053,23.5,6085.41,0.561333,-0.111138,1.04143,89.9897,0,7,37119.6,36625.6
29.9,0,120.053,23.5,6084.8,0.561362,-0.111337,1.04938,89.9895,0,7,37101.4,36607.2
30,0,120.054,23.5,6084.2,0.56139,-0.111525,1.05715,89.9893,0,7,37083.2,36588.9
30.1,0,120.054,23.5,6083.6,0.561418,-0.111702,1.06475,89.9891,0,7,37065,36570.5
30.2,0,120.054,23.5,6083.01,0.561445,-0.111869,1.07219,89.9889,0,7,37046.8,36552.2
30.3,0,120.054,23.5,6082.41,0.561473,-0.112026,1.07947,89.9887,0,7,37028.6,36533.8
30.4,0,120.054,23.5,6081.82,0.5615,-0.112173,1.0866,89.9885,0,7,37010.4,36515.4
30.5,0,120.055,23.5,6081.24,0.561527,-0.11231,1.09358,89.9883,0,7,36992.2,36497.1
30.6,0,120.055,23.5,6080.66,0.561553,-0.112436,1.10043,89.9881,0,7,36974,36478.7
30.7,0,120.055,23.5,6080.08,0.561579,-0.112554,1.10715,89.9879,0,7,36955.8,36460.4
30.8,0,120.055,23.5,6079.5,0.561605,-0.112662,1.11374,89.9878,0,7,36937.6,36442
30.9,0,120.055,23.5,6078.92,0.561631,-0.11276,1.12022,89.9876,0,7,36919.4,36423.6
31,0,120.055,23.5,6078.35,0.561656,-0.112849,1.12658,89.9874,0,7,36901.2,36405.3
31.1,0,120.056,23.5,6077.78,0.561681,-0.11293,1.13283,89.9872,0,7,36883,36386.9
31.2,0,120.056,23.5,6077.22,0.561706,-0.113001,1.13898,89.987,0,7,36864.8,36368.6
31.3,0,120.056,23.5,6076.66,0.561731,-0.113063,1.14504,89.9868,0,7,36846.6,36350.2
31.4,0,120.056,23.5,6076.09,0.561755,-0.113117,1.15101,89.9866,0,7,36828.4,36331.9
31.5,0,120.056,23.5,6075.54,0.561779,-0.113163,1.15689,89.9864,0,7,36810.2,36313.5
31.6,0,120.057,23.5,6074.98,0.561803,-0.1132,1.1627,89.9862,0,7,36792.1,36295.1
31.7,0,120.057,23.5,6074.43,0.561827,-0.113229,1.16843,89.9861,0,7,36773.9,36276.8
31.8,0,120.057,23.5,6073.88,0.561851,-0.11325,1.17409,89.9859,0,7,36755.7,36258.4
31.9,0,120.057,23.5,6073.33,0.561875,-0.113262,1.1797,89.9857,0,7,36737.5,36240.1
32,0,120.057,23.5,6072.78,0.561898,-0.113268,1.18524,89.9855,0,7,36719.3,36221.7
32.1,0,120.058,23.5,6072.24,0.561921,-0.113265,1.19073,89.9853,0,7,36701.1,36203.3
32.2,0,120.058,23.5,6071.7,0.561944,-0.113256,1.19618,89.9851,0,7,36682.9,36185
32.3,0,120.058,23.5,6071.16,0.561967,-0.113238,1.20158,89.985,0,7,36664.7,36166.6
32.4,0,120.058,23.5,6070.62,0.561989,-0.113214,1.20694,89.9848,0,7,36646.5,36148.3
32.5,0,120.058,23.5,6070.09,0.562012,-0.113183,1.21227,89.9846,0,7,36628.4,36129.9
32.6,0,120.058,23.5,6069.55,0.562034,-0.113144,1.21757,89.9844,0,7,36610.2,36111.5
32.7,0,120.059,23.5,6069.02,0.562057,-0.113099,1.22284,89.9842,0,7,36592,36093.2
32.8,0,120.059,23.5,6068.49,0.562079,-0.113048,1.2281,89.9841,0,7,36573.8,36074.8
32.9,0,120.059,23.5,6067.97,0.562101,-0.11299,1.23333,89.9839,0,7,36555.6,36056.4
33,0,120.059,23.5,6067.44,0.562123,-0.112925,1.23855,89.9837,0,7,36537.4,36038.1
33.1,0,120.059,23.5,6066.92,0.562144,-0.112854,1.24377,89.9835,0,7,36519.3,36019.7
33.2,0,120.06,23.5,6066.4,0.562166,-0.112778,1.24898,89.9834,0,7,36501.1,36001.4
33.3,0,120.06,23.5,6065.88,0.562187,-0.112695,1.25418,89.9832,0,7,36482.9,35983
33.4,0,120.06,23.5,6065.37,0.562209,-0.112606,1.25939,89.983,0,7,36464.7,35964.6
33.5,0,120.06,23.5,6064.85,0.56223,-0.112512,1.2646,89.9828,0,7,36446.5,35946.3
33.6,0,120.06,23.5,6064.34,0.562251,-0.112412,1.26982,89.9827,0,7,36428.3,35927.9
33.7,0,120.061,23.5,6063.83,0.562272,-0.112307,1.27504,89.9825,0,7,36410.2,35909.6
33.8,0,120.061,23.5,6063.32,0.562293,-0.112197,1.28029,89.9823,0,7,36392,35891.2
33.9,0,120.061,23.5,6062.81,0.562314,-0.112081,1.28554,89.9822,0,7,36373.8,35872.9
34,0,120.061,23.5,6062.31,0.562335,-0.11196,1.29082,89.982,0,7,36355.6,35854.5
34.1,0,120.061,23.5,6061.8,0.562355,-0.111835,1.29612,89.9818,0,7,36337.5,35836.1
34.2,0,120.061,23.5,6061.3,0.562376,-0.111704,1.30144,89.9817,0,7,36319.3,35817.8
34.3,0,120.062,23.5,6060.8,0.562396,-0.111569,1.30678,89.9815,0,7,36301.1,35799.4
34.4,0,120.062,23.5,6060.31,0.562417,-0.11143,1.31215,89.9813,0,7,36282.9,35781.1
34.5,0,120.062,23.5,6059.81,0.562437,-0.111286,1.31756,89.9812,0,7,36264.8,35762.7
34.6,0,120.062,23.5,6059.32,0.562457,-0.111137,1.32299,89.981,0,7,36246.6,35744.3
34.7,0,120.062,23.5,6058.83,0.562477,-0.110985,1.32845,89.9809,0,7,36228.4,35726
34.8,0,120.063,23.5,6058.34,0.562497,-0.110828,1.33395,89.9807,0,7,36210.2,35707.6
34.9,0,120.063,23.5,6057.85,0.562517,-0.110667,1.33949,89.9805,0,7,36192.1,35689.3
35,0,120.063,23.5,6057.37,0.562537,-0.110503,1.34507,89.9804,0,7,36173.9,35670.9
35.1,0,120.063,23.5,6056.88,0.562557,-0.110335,1.35068,89.9802,0,7,36155.7,35652.5
35.2,0,120.063,23.5,6056.4,0.562576,-0.110163,1.35633,89.9801,0,7,36137.5,35634.2
35.3,0,120.064,23.5,6055.92,0.562596,-0.109988,1.36202,89.9799,0,7,36119.4,35615.8
35.4,0,120.064,23.5,6055.44,0.562615,-0.109809,1.36776,89.9798,0,7,36101.2,35597.5
35.5,0,120.064,23.5,6054.97,0.562635,-0.109627,1.37353,89.9796,0,7,36083,35579.1
35.6,0,120.064,23.5,6054.49,0.562654,-0.109441,1.37935,89.9795,0,7,36064.9,35560.8
35.7,0,120.064,23.5,6054.02,0.562673,-0.109253,1.38521,89.9793,0,7,36046.7,35542.4
35.8,0,120.064,23.5,6053.55,0.562692,-0.109061,1.39112,89.9792,0,7,36028.5,35524
35.9,0,120.065,23.5,6053.08,0.562711,-0.108867,1.39707,89.979,0,7,36010.4,35505.7
36,0,120.065,23.5,6052.62,0.56273,-0.10867,1.40307,89.9789,0,7,35992.2,35487.3
36.1,0,120.065,23.5,6052.15,0.562749,-0.10847,1.40911,89.9787,0,7,35974,35469
36.2,0,120.065,23.5,6051.69,0.562767,-0.108268,1.41519,89.9786,0,7,35955.9,35450.6
36.3,0,120.065,23.5,6051.23,0.562786,-0.108063,1.42132,89.9785,0,7,35937.7,35432.3
36.4,0,120.066,23.5,6050.77,0.562804,-0.107855,1.4275,89.9783,0,7,35919.6,35413.9
36.5,0,120.066,23.5,6050.32,0.562822,-0.107646,1.43372,89.9782,0,7,35901.4,35395.5
36.6,0,120.066,23.5,6049.86,0.562841,-0.107434,1.43998,89.978,0,7,35883.2,35377.2
36.7,0,120.066,23.5,6049.41,0.562859,-0.107219,1.44629,89.9779,0,7,35865.1,35358.8
36.8,0,120.066,23.5,6048.96,0.562877,-0.107003,1.45265,89.9778,0,7,35846.9,35340.5
36.9,0,120.067,23.5,6048.51,0.562895,-0.106785,1.45904,89.9776,0,7,35828.8,35322.1
37,0,120.067,23.5,6048.07,0.562912,-0.106565,1.46548,89.9775,0,7,35810.6,35303.8
37.1,0,120.067,23.5,6047.62,0.56293,-0.106343,1.47196,89.9774,0,7,35792.4,35285.4
37.2,0,120.067,23.5,6047.18,0.562948,-0.106119,1.47848,89.9772,0,7,35774.3,35267.1
37.3,0,120.067,23.5,6046.74,0.562965,-0.105894,1.48504,89.9771,0,7,35756.1,35248.7
37.4,0,120.067,23.5,6046.31,0.562983,-0.105667,1.49164,89.977,0,7,35738,35230.4
37.5,0,120.068,23.5,6045.87,0.563,-0.105438,1.49828,89.9769,0,7,35719.8,35212
37.6,0,120.068,23.5,6045.44,0.563017,-0.105209,1.50496,89.9767,0,7,35701.7,35193.6
37.7,0,120.068,23.5,6045.01,0.563034,-0.104977,1.51168,89.9766,0,7,35683.5,35175.3
37.8,0,120.068,23.5,6044.58,0.563051,-0.104745,1.51843,89.9765,0,7,35665.4,35156.9
37.9,0,120.068,23.5,6044.16,0.563068,-0.104511,1.52521,89.9764,0,7,35647.2,35138.6
38,0,120.069,23.5,6043.73,0.563085,-0.104276,1.53203,89.9762,0,7,35629.1,35120.2
38.1,0,120.069,23.5,6043.31,0.563102,-0.10404,1.53889,89.9761,0,7,35610.9,35101.9
38.2,0,120.069,23.5,6042.89,0.563118,-0.103803,1.54577,89.976,0,7,35592.8,35083.5
38.3,0,120.069,23.5,6042.48,0.563135,-0.103565,1.55268,89.9759,0,7,35574.6,35065.2
38.4,0,120.069,23.5,6042.06,0.563151,-0.103326,1.55962,89.9758,0,7,35556.5,35046.8
38.5,0,120.07,23.5,6041.65,0.563167,-0.103086,1.56659,89.9756,0,7,35538.3,35028.5
38.6,0,120.07,23.5,6041.24,0.563183,-0.102846,1.57359,89.9755,0,7,35520.2,35010.1
38.7,0,120.07,23.5,6040.83,0.563199,-0.102604,1.58061,89.9754,0,7,35502,34991.8
38.8,0,120.07,23.5,6040.43,0.563215,-0.102362,1.58765,89.9753,0,7,35483.9,34973.4
38.9,0,120.07,23.5,6040.02,0.56323,-0.10212,1.59471,89.9752,0,7,35465.8,34955.1
39,0,120.07,23.5,6039.62,0.563246,-0.101878,1.60179,89.9751,0,7,35447.6,34936.7
39.1,0,120.071,23.5,6039.23,0.563261,-0.101635,1.60888,89.975,0,7,35429.5,34918.4
39.2,0,120.071,23.5,6038.83,0.563276,-0.101391,1.616,89.9749,0,7,35411.3,34900
39.3,0,120.071,23.5,6038.44,0.563291,-0.101146,1.62312,89.9747,0,7,35393.2,34881.7
39.4,0,120.071,23.5,6038.05,0.563306,-0.100901,1.63027,89.9746,0,7,35375.1,34863.3
39.5,0,120.071,23.5,6037.66,0.563321,-0.100656,1.63742,89.9745,0,7,35356.9,34845
39.6,0,120.072,23.5,6037.27,0.563335,-0.100411,1.64458,89.9744,0,7,35338.8,34826.6
39.7,0,120.072,23.5,6036.89,0.56335,-0.100165,1.65175,89.9743,0,7,35320.7,34808.3
39.8,0,120.072,23.5,6036.51,0.563364,-0.099919,1.65893,89.9742,0,7,35302.5,34790
39.9,0,120.072,23.5,6036.13,0.563378,-0.0996731,1.66611,89.9741,0,7,35284.4,34771.6
40,0,120.072,23.5,6035.75,0.563392,-0.0994271,1.67329,89.974,0,7,35266.3,34753.3
40.1,0,120.073,23.5,6035.38,0.563406,-0.0991811,1.68047,89.9739,0,7,35248.1,34734.9
40.2,0,120.073,23.5,6035.01,0.563419,-0.0989351,1.68765,89.9738,0,7,35230,34716.6
40.3,0,120.073,23.5,6034.64,0.563432,-0.0986892,1.69483,89.9737,0,7,35211.9,34698.2
40.4,0,120.073,23.5,6034.27,0.563446,-0.0984434,1.702,89.9737,0,7,35193.8,34679.9
40.5,0,120.073,23.5,6033.91,0.563459,-0.0981978,1.70917,89.9736,0,7,35175.6,34661.5
40.6,0,120.073,23.5,6033.55,0.563471,-0.0979523,1.71632,89.9735,0,7,35157.5,34643.2
40.7,0,120.074,23.5,6033.19,0.563484,-0.0977071,1.72347,89.9734,0,7,35139.4,34624.9
40.8,0,120.074,23.5,6032.83,0.563496,-0.097462,1.7306,89.9733,0,7,35121.3,34606.5
40.9,0,120.074,23.5,6032.48,0.563509,-0.0972172,1.73773,89.9732,0,7,35103.1,34588.2
41,0,120.074,23.5,6032.12,0.563521,-0.0969727,1.74483,89.9731,0,7,35085,34569.8
41.1,0,120.074,23.5,6031.78,0.563532,-0.0967286,1.75192,89.973,0,7,35066.9,34551.5
41.2,0,120.075,23.5,6031.43,0.563544,-0.0964847,1.75899,89.9729,0,7,35048.8,34533.1
41.3,0,120.075,23.5,6031.08,0.563555,-0.0962413,1.76604,89.9729,0,7,35030.7,34514.8
41.4,0,120.075,23.5,6030.74,0.563567,-0.0959982,1.77306,89.9728,0,7,35012.5,34496.5
41.5,0,120.075,23.5,6030.4,0.563578,-0.0957555,1.78007,89.9727,0,7,34994.4,34478.1
41.6,0,120.075,23.5,6030.07,0.563589,-0.0955133,1.78704,89.9726,0,7,34976.3,34459.8
41.7,0,120.076,23.5,6029.73,0.563599,-0.0952715,1.79399,89.9725,0,7,34958.2,34441.5
41.8,0,120.076,23.5,6029.4,0.56361,-0.0950301,1.80092,89.9725,0,7,34940.1,34423.1
41.9,0,120.076,23.5,6029.07,0.56362,-0.0947893,1.80781,89.9724,0,7,34922,34404.8
42,0,120.076,23.5,6028.74,0.56363,-0.094549,1.81467,89.9723,0,7,34903.9,34386.4
42.1,0,120.076,23.5,6028.42,0.56364,-0.0943091,1.8215,89.9722,0,7,34885.8,34368.1
42.2,0,120.076,23.5,6028.1,0.56365,-0.0940698,1.8283,89.9722,0,7,34867.7,34349.8
42.3,0,120.077,23.5,6027.78,0.563659,-0.0938311,1.83506,89.9721,0,7,34849.6,34331.4
42.4,0,120.077,23.5,6027.46,0.563668,-0.0935929,1.84179,89.972,0,7,34831.5,34313.1
42.5,0,120.077,23.5,6027.14,0.563677,-0.0933553,1.84848,89.972,0,7,34813.4,34294.8
42.6,0,120.077,23.5,6026.83,0.563686,-0.0931183,1.85513,89.9719,0,7,34795.2,34276.4
42.7,0,120.077,23.5,6026.52,0.563695,-0.0928818,1.86174,89.9718,0,7,34777.1,34258.1
42.8,0,120.078,23.5,6026.21,0.563703,-0.092646,1.86831,89.9718,0,7,34759.1,34239.8
42.9,0,120.078,23.5,6025.91,0.563711,-0.0924108,1.87484,89.9717,0,7,34741,34221.5
43,0,120.078,23.5,6025.6,0.563719,-0.0921762,1.88133,89.9716,0,7,34722.9,34203.1
43.1,0,120.078,23.5,6025.3,0.563727,-0.0919422,1.88777,89.9716,0,7,34704.8,34184.8
43.2,0,120.078,23.5,6025,0.563735,-0.0917089,1.89417,89.9715,0,7,34686.7,34166.5
43.3,0,120.079,23.5,6024.71,0.563742,-0.0914763,1.90052,89.9715,0,7,34668.6,34148.1
43.4,0,120.079,23.5,6024.41,0.56375,-0.0912442,1.90683,89.9714,0,7,34650.5,34129.8
43.5,0,120.079,23.5,6024.12,0.563757,-0.0910129,1.91309,89.9713,0,7,34632.4,34111.5
43.6,0,120.079,23.5,6023.83,0.563763,-0.0907822,1.9193,89.9713,0,7,34614.3,34093.2
43.7,0,120.079,23.5,6023.54,0.56377,-0.0905522,1.92546,89.9712,0,7,34596.2,34074.8
43.8,0,120.079,23.5,6023.26,0.563776,-0.0903228,1.93157,89.9712,0,7,34578.1,34056.5
43.9,0,120.08,23.5,6022.97,0.563783,-0.0900942,1.93764,89.9711,0,7,34560,34038.2
44,0,120.08,23.5,6022.69,0.563789,-0.0898662,1.94365,89.9711,0,7,34542,34019.9
44.1,0,120.08,23.5,6022.41,0.563794,-0.0896389,1.94962,89.971,0,7,34523.9,34001.5
44.2,0,120.08,23.5,6022.14,0.5638,-0.0894123,1.95553,89.971,0,7,34505.8,33983.2
44.3,0,120.08,23.5,6021.86,0.563805,-0.0891865,1.96139,89.9709,0,7,34487.7,33964.9
44.4,0,120.081,23.5,6021.59,0.563811,-0.0889613,1.9672,89.9709,0,7,34469.6,33946.6
44.5,0,120.081,23.5,6021.32,0.563816,-0.0887368,1.97296,89.9708,0,7,34451.6,33928.3
44.6,0,120.081,23.5,6021.05,0.563821,-0.088513,1.97866,89.9708,0,7,34433.5,33909.9
44.7,0,120.081,23.5,6020.79,0.563825,-0.0882899,1.98431,89.9708,0,7,34415.4,33891.6
44.8,0,120.081,23.5,6020.52,0.56383,-0.0880675,1.98991,89.9707,0,7,34397.3,33873.3
44.9,0,120.082,23.5,6020.26,0.563834,-0.0878459,1.99545,89.9707,0,7,34379.3,33855
45,0,120.082,23.5,6020,0.563838,-0.0876249,2.00094,89.9706,0,7,34361.2,33836.7
45.1,0,120.082,23.5,6019.75,0.563842,-0.0874047,2.00638,89.9706,0,7,34343.1,33818.4
45.2,0,120.082,23.5,6019.49,0.563846,-0.0871852,2.01176,89.9706,0,7,34325.1,33800
45.3,0,120.082,23.5,6019.24,0.563849,-0.0869663,2.01709,89.9705,0,7,34307,33781.7
45.4,0,120.082,23.5,6018.99,0.563853,-0.0867483,2.02236,89.9705,0,7,34288.9,33763.4
45.5,0,120.083,23.5,6018.74,0.563856,-0.0865309,2.02759,89.9705,0,7,34270.9,33745.1
45.6,0,120.083,23.5,6018.49,0.563859,-0.0863142,2.03275,89.9704,0,7,34252.8,33726.8
45.7,0,120.083,23.5,6018.24,0.563862,-0.0860983,2.03787,89.9704,0,7,34234.8,33708.5
45.8,0,120.083,23.5,6018,0.563864,-0.0858831,2.04293,89.9704,0,7,34216.7,33690.2
45.9,0,120.083,23.5,6017.76,0.563867,-0.0856686,2.04794,89.9703,0,7,34198.6,33671.9
46,0,120.084,23.5,6017.52,0.563869,-0.0854549,2.05289,89.9703,0,7,34180.6,33653.6
46.1,0,120.084,23.5,6017.28,0.563871,-0.0852418,2.05779,89.9703,0,7,34162.5,33635.3
46.2,0,120.084,23.5,6017.04,0.563873,-0.0850295,2.06264,89.9703,0,7,34144.5,33616.9
46.3,0,120.084,23.5,6016.81,0.563875,-0.0848179,2.06744,89.9702,0,7,34126.4,33598.6
46.4,0,120.084,23.5,6016.57,0.563877,-0.0846071,2.07218,89.9702,0,7,34108.4,33580.3
46.5,0,120.085,23.5,6016.34,0.563878,-0.084397,2.07687,89.9702,0,7,34090.3,33562
46.6,0,120.085,23.5,6016.11,0.56388,-0.0841876,2.08152,89.9702,0,7,34072.3,33543.7
46.7,0,120.085,23.5,6015.89,0.563881,-0.0839789,2.08611,89.9702,0,7,34054.2,33525.4
46.8,0,120.085,23.5,6015.66,0.563882,-0.083771,2.09065,89.9701,0,7,34036.2,33507.1
46.9,0,120.085,23.5,6015.44,0.563883,-0.0835638,2.09514,89.9701,0,7,34018.2,33488.8
47,0,120.085,23.5,6015.21,0.563883,-0.0833574,2.09958,89.9701,0,7,34000.1,33470.5
47.1,0,120.086,23.5,6014.99,0.563884,-0.0831517,2.10397,89.9701,0,7,33982.1,33452.2
47.2,0,120.086,23.5,6014.78,0.563884,-0.0829467,2.10831,89.9701,0,7,33964,33433.9
47.3,0,120.086,23.5,6014.56,0.563885,-0.0827425,2.11261,89.9701,0,7,33946,33415.7
47.4,0,120.086,23.5,6014.34,0.563885,-0.082539,2.11686,89.9701,0,7,33928,33397.4
47.5,0,120.086,23.5,6014.13,0.563885,-0.0823363,2.12106,89.9701,0,7,33909.9,33379.1
47.6,0,120.087,23.5,6013.91,0.563885,-0.0821343,2.12521,89.97,0,7,33891.9,33360.8
47.7,0,120.087,23.5,6013.7,0.563884,-0.0819331,2.12932,89.97,0,7,33873.9,33342.5
47.8,0,120.087,23.5,6013.49,0.563884,-0.0817327,2.13338,89.97,0,7,33855.9,33324.2
47.9,0,120.087,23.5,6013.29,0.563884,-0.0815329,2.1374,89.97,0,7,33837.8,33305.9
48,0,120.087,23.5,6013.08,0.563883,-0.081334,2.14138,89.97,0,7,33819.8,33287.6
48.1,0,120.088,23.5,6012.87,0.563882,-0.0811358,2.14531,89.97,0,7,33801.8,33269.3
48.2,0,120.088,23.5,6012.67,0.563881,-0.0809384,2.1492,89.97,0,7,33783.8,33251
48.3,0,120.088,23.5,6012.47,0.56388,-0.0807418,2.15305,89.97,0,7,33765.7,33232.8
48.4,0,120.088,23.5,6012.27,0.563879,-0.0805459,2.15685,89.97,0,7,33747.7,33214.5
48.5,0,120.088,23.5,6012.07,0.563878,-0.0803508,2.16062,89.97,0,7,33729.7,33196.2
48.6,0,120.088,23.5,6011.87,0.563876,-0.0801565,2.16435,89.97,0,7,33711.7,33177.9
48.7,0,120.089,23.5,6011.68,0.563875,-0.079963,2.16803,89.97,0,7,33693.7,33159.6
48.8,0,120.089,23.5,6011.48,0.563873,-0.0797702,2.17168,89.97,0,7,33675.7,33141.3
48.9,0,120.089,23.5,6011.29,0.563871,-0.0795783,2.1753,89.97,0,7,33657.6,33123.1
49,0,120.089,23.5,6011.09,0.56387,-0.0793872,2.17887,89.97,0,7,33639.6,33104.8
49.1,0,120.089,23.5,6010.9,0.563868,-0.0791968,2.18241,89.9701,0,7,33621.6,33086.5
49.2,0,120.09,23.5,6010.71,0.563866,-0.0790073,2.18591,89.9701,0,7,33603.6,33068.2
49.3,0,120.09,23.5,6010.53,0.563863,-0.0788186,2.18938,89.9701,0,7,33585.6,33050
49.4,0,120.09,23.5,6010.34,0.563861,-0.0786307,2.19281,89.9701,0,7,33567.6,33031.7
49.5,0,120.09,23.5,6010.15,0.563859,-0.0784436,2.19622,89.9701,0,7,33549.6,33013.4
49.6,0,120.09,23.5,6009.97,0.563856,-0.0782573,2.19958,89.9701,0,7,33531.6,32995.1
49.7,0,120.091,23.5,6009.78,0.563854,-0.0780719,2.20292,89.9701,0,7,33513.6,32976.9
49.8,0,120.091,23.5,6009.6,0.563851,-0.0778873,2.20623,89.9701,0,7,33495.6,32958.6
49.9,0,120.091,23.5,6009.42,0.563848,-0.0777035,2.2095,89.9701,0,7,33477.6,32940.3
50,0,120.091,23.5,6009.24,0.563845,-0.0775206,2.21275,89.9702,0,7,33459.6,32922.1
50.1,0,120.091,23.5,6009.06,0.563843,-0.0773386,2.21597,89.9702,0,7,33441.6,32903.8
50.2,0,120.091,23.5,6008.89,0.56384,-0.0771574,2.21916,89.9702,0,7,33423.6,32885.5
50.3,0,120.092,23.5,6008.71,0.563836,-0.0769771,2.22232,89.9702,0,7,33405.6,32867.3
50.4,0,120.092,23.5,6008.54,0.563833,-0.0767976,2.22545,89.9702,0,7,33387.7,32849
50.5,0,120.092,23.5,6008.36,0.56383,-0.076619,2.22856,89.9703,0,7,33369.7,32830.8
50.6,0,120.092,23.5,6008.19,0.563827,-0.0764413,2.23165,89.9703,0,7,33351.7,32812.5
50.7,0,120.092,23.5,6008.02,0.563823,-0.0762645,2.23471,89.9703,0,7,33333.7,32794.2
50.8,0,120.093,23.5,6007.85,0.56382,-0.0760886,2.23774,89.9703,0,7,33315.7,32776
50.9,0,120.093,23.5,6007.68,0.563816,-0.0759135,2.24075,89.9704,0,7,33297.7,32757.7
51,0,120.093,23.5,6007.51,0.563812,-0.0757394,2.24374,89.9704,0,7,33279.8,32739.5
51.1,0,120.093,23.5,6007.34,0.563809,-0.0755662,2.24671,89.9704,0,7,33261.8,32721.2
51.2,0,120.093,23.5,6007.18,0.563805,-0.0753939,2.24966,89.9704,0,7,33243.8,32703
51.3,0,120.094,23.5,6007.01,0.563801,-0.0752225,2.25258,89.9705,0,7,33225.8,32684.7
51.4,0,120.094,23.5,6006.85,0.563797,-0.075052,2.25549,89.9705,0,7,33207.9,32666.5
51.5,0,120.094,23.5,6006.69,0.563793,-0.0748825,2.25838,89.9705,0,7,33189.9,32648.2
51.6,0,120.094,23.5,6006.53,0.563789,-0.0747139,2.26124,89.9706,0,7,33171.9,32630
51.7,0,120.094,23.5,6006.37,0.563785,-0.0745463,2.26409,89.9706,0,7,33154,32611.7
51.8,0,120.094,23.5,6006.21,0.56378,-0.0743796,2.26693,89.9706,0,7,33136,32593.5
51.9,0,120.095,23.5,6006.05,0.563776,-0.0742139,2.26974,89.9707,0,7,33118,32575.2
52,0,120.095,23.5,6005.89,0.563772,-0.0740492,2.27254,89.9707,0,7,33100.1,32557
52.1,0,120.095,23.5001,6005.73,0.563767,-0.0738854,2.27532,89.9707,0,7,33082.1,32538.7
52.2,0,120.095,23.5001,6005.58,0.563763,-0.0737226,2.27809,89.9708,0,7,33064.2,32520.5
52.3,0,120.095,23.5001,6005.42,0.563758,-0.0735607,2.28084,89.9708,0,7,33046.2,32502.3
52.4,0,120.096,23.5001,6005.27,0.563753,-0.0733999,2.28358,89.9709,0,7,33028.3,32484
52.5,0,120.096,23.5001,6005.12,0.563749,-0.0732401,2.2863,89.9709,0,7,33010.3,32465.8
52.6,0,120.096,23.5001,6004.97,0.563744,-0.0730812,2.28901,89.9709,0,7,32992.3,32447.6
52.7,0,120.096,23.5001,6004.81,0.563739,-0.0729234,2.29171,89.971,0,7,32974.4,32429.3
52.8,0,120.096,23.5001,6004.67,0.563734,-0.0727665,2.2944,89.971,0,7,32956.5,32411.1
52.9,0,120.097,23.5001,6004.52,0.56373,-0.0726107,2.29707,89.9711,0,7,32938.5,32392.8
53,0,120.097,23.5001,6004.37,0.563725,-0.0724559,2.29973,89.9711,0,7,32920.6,32374.6
53.1,0,120.097,23.5001,6004.22,0.56372,-0.0723022,2.30238,89.9711,0,7,32902.6,32356.4
53.2,0,120.097,23.5001,6004.08,0.563714,-0.0721494,2.30502,89.9712,0,7,32884.7,32338.2
53.3,0,120.097,23.5001,6003.93,0.563709,-0.0719977,2.30765,89.9712,0,7,32866.7,32319.9
53.4,0,120.097,23.5001,6003.79,0.563704,-0.0718471,2.31027,89.9713,0,7,32848.8,32301.7
53.5,0,120.098,23.5001,6003.64,0.563699,-0.0716975,2.31288,89.9713,0,7,32830.9,32283.5
53.6,0,120.098,23.5001,6003.5,0.563694,-0.0715489,2.31548,89.9714,0,7,32812.9,32265.3
53.7,0,120.098,23.5001,6003.36,0.563688,-0.0714014,2.31807,89.9714,0,7,32795,32247
53.8,0,120.098,23.5001,6003.22,0.563683,-0.071255,2.32066,89.9715,0,7,32777.1,32228.8
53.9,0,120.098,23.5001,6003.08,0.563678,-0.0711096,2.32323,89.9715,0,7,32759.1,32210.6
54,0,120.099,23.5001,6002.94,0.563672,-0.0709653,2.3258,89.9716,0,7,32741.2,32192.4
54.1,0,120.099,23.5001,6002.8,0.563667,-0.0708221,2.32836,89.9716,0,7,32723.3,32174.2
54.2,0,120.099,23.5001,6002.67,0.563661,-0.0706799,2.33091,89.9717,0,7,32705.4,32155.9
54.3,0,120.099,23.5001,6002.53,0.563655,-0.0705388,2.33345,89.9717,0,7,32687.4,32137.7
54.4,0,120.099,23.5001,6002.4,0.56365,-0.0703989,2.33599,89.9718,0,7,32669.5,32119.5
54.5,0,120.1,23.5001,6002.26,0.563644,-0.07026,2.33852,89.9719,0,7,32651.6,32101.3
54.6,0,120.1,23.5001,6002.13,0.563638,-0.0701222,2.34104,89.9719,0,7,32633.7,32083.1
54.7,0,120.1,23.5001,6002,0.563633,-0.0699855,2.34356,89.972,0,7,32615.8,32064.9
54.8,0,120.1,23.5001,6001.86,0.563627,-0.0698499,2.34607,89.972,0,7,32597.9,32046.7
54.9,0,120.1,23.5001,6001.73,0.563621,-0.0697154,2.34858,89.9721,0,7,32579.9,32028.5
55,0,120.1,23.5001,6001.6,0.563615,-0.069582,2.35108,89.9721,0,7,32562,32010.3
55.1,0,120.101,23.5001,6001.47,0.563609,-0.0694497,2.35358,89.9722,0,7,32544.1,31992.1
55.2,0,120.101,23.5001,6001.35,0.563603,-0.0693185,2.35606,89.9723,0,7,32526.2,31973.9
55.3,0,120.101,23.5001,6001.22,0.563597,-0.0691885,2.35855,89.9723,0,7,32508.3,31955.7
55.4,0,120.101,23.5001,6001.09,0.563591,-0.0690595,2.36103,89.9724,0,7,32490.4,31937.5
55.5,0,120.101,23.5001,6000.97,0.563585,-0.0689317,2.3635,89.9724,0,7,32472.5,31919.3
55.6,0,120.102,23.5001,6000.84,0.563579,-0.068805,2.36597,89.9725,0,7,32454.6,31901.1
55.7,0,120.102,23.5001,6000.72,0.563572,-0.0686794,2.36843,89.9726,0,7,32436.7,31882.9
55.8,0,120.102,23.5001,6000.6,0.563566,-0.0685549,2.37089,89.9726,0,7,32418.8,31864.7
55.9,0,120.102,23.5001,6000.47,0.56356,-0.0684315,2.37335,89.9727,0,7,32400.9,31846.5
56,0,120.102,23.5001,6000.35,0.563553,-0.0683093,2.3758,89.9728,0,7,32383,31828.3
56.1,0,120.103,23.5001,6000.23,0.563547,-0.0681882,2.37824,89.9728,0,7,32365.1,31810.1
56.2,0,120.103,23.5001,6000.11,0.563541,-0.0680682,2.38068,89.9729,0,7,32347.3,31791.9
56.3,0,120.103,23.5001,5999.99,0.563534,-0.0679494,2.38312,89.973,0,7,32329.4,31773.7
56.4,0,120.103,23.5001,5999.87,0.563528,-0.0678317,2.38555,89.973,0,7,32311.5,31755.5
56.5,0,120.103,23.5001,5999.76,0.563521,-0.0677151,2.38798,89.9731,0,7,32293.6,31737.3
56.6,0,120.103,23.5001,5999.64,0.563515,-0.0675996,2.3904,89.9732,0,7,32275.7,31719.2
56.7,0,120.104,23.5001,5999.52,0.563508,-0.0674853,2.39282,89.9732,0,7,32257.8,31701
56.8,0,120.104,23.5001,5999.41,0.563501,-0.0673721,2.39523,89.9733,0,7,32240,31682.8
56.9,0,120.104,23.5001,5999.3,0.563495,-0.06726,2.39764,89.9734,0,7,32222.1,31664.6
57,0,120.104,23.5001,5999.18,0.563488,-0.067149,2.40005,89.9735,0,7,32204.2,31646.4
57.1,0,120.104,23.5001,5999.07,0.563481,-0.0670392,2.40245,89.9735,0,7,32186.3,31628.3
57.2,0,120.105,23.5001,5998.96,0.563474,-0.0669305,2.40484,89.9736,0,7,32168.5,31610.1
57.3,0,120.105,23.5001,5998.85,0.563467,-0.0668229,2.40723,89.9737,0,7,32150.6,31591.9
57.4,0,120.105,23.5001,5998.74,0.56346,-0.0667164,2.40962,89.9737,0,7,32132.7,31573.7
57.5,0,120.105,23.5001,5998.63,0.563453,-0.066611,2.412,89.9738,0,7,32114.9,31555.6
57.6,0,120.105,23.5001,5998.52,0.563446,-0.0665068,2.41438,89.9739,0,7,32097,31537.4
57.7,0,120.106,23.5001,5998.41,0.563439,-0.0664037,2.41675,89.974,0,7,32079.1,31519.2
57.8,0,120.106,23.5001,5998.31,0.563432,-0.0663017,2.41912,89.974,0,7,32061.3,31501
57.9,0,120.106,23.5001,5998.2,0.563425,-0.0662008,2.42148,89.9741,0,7,32043.4,31482.9
58,0,120.106,23.5001,5998.09,0.563418,-0.066101,2.42384,89.9742,0,7,32025.6,31464.7
58.1,0,120.106,23.5001,5997.99,0.563411,-0.0660023,2.42619,89.9743,0,7,32007.7,31446.6
58.2,0,120.106,23.5001,5997.89,0.563404,-0.0659047,2.42854,89.9743,0,7,31989.9,31428.4
58.3,0,120.107,23.5001,5997.78,0.563396,-0.0658082,2.43088,89.9744,0,7,31972,31410.2
58.4,0,120.107,23.5001,5997.68,0.563389,-0.0657129,2.43322,89.9745,0,7,31954.2,31392.1
58.5,0,120.107,23.5001,5997.58,0.563382,-0.0656186,2.43555,89.9746,0,7,31936.3,31373.9
58.6,0,120.107,23.5001,5997.48,0.563374,-0.0655254,2.43787,89.9747,0,7,31918.5,31355.8
58.7,0,120.107,23.5001,5997.38,0.563367,-0.0654333,2.44019,89.9747,0,7,31900.6,31337.6
58.8,0,120.108,23.5001,5997.28,0.563359,-0.0653422,2.44251,89.9748,0,7,31882.8,31319.4
58.9,0,120.108,23.5001,5997.18,0.563352,-0.0652523,2.44482,89.9749,0,7,31865,31301.3
59,0,120.108,23.5001,5997.09,0.563344,-0.0651634,2.44712,89.975,0,7,31847.1,31283.1
59.1,0,120.108,23.5001,5996.99,0.563337,-0.0650756,2.44942,89.9751,0,7,31829.3,31265
59.2,0,120.108,23.5001,5996.89,0.563329,-0.0649888,2.45171,89.9751,0,7,31811.5,31246.8
59.3,0,120.109,23.5001,5996.8,0.563321,-0.0649032,2.45399,89.9752,0,7,31793.6,31228.7
59.4,0,120.109,23.5001,5996.7,0.563314,-0.0648186,2.45627,89.9753,0,7,31775.8,31210.6
59.5,0,120.109,23.5001,5996.61,0.563306,-0.064735,2.45854,89.9754,0,7,31758,31192.4
59.6,0,120.109,23.5001,5996.52,0.563298,-0.0646525,2.4608,89.9755,0,7,31740.1,31174.3
59.7,0,120.109,23.5001,5996.43,0.56329,-0.064571,2.46306,89.9756,0,7,31722.3,31156.1
59.8,0,120.109,23.5001,5996.33,0.563282,-0.0644906,2.46531,89.9756,0,7,31704.5,31138
59.9,0,120.11,23.5001,5996.24,0.563275,-0.0644112,2.46756,89.9757,0,7,31686.7,31119.9
60,0,120.11,23.5001,5996.15,0.563267,-0.0643328,2.46979,89.9758,0,7,31668.9,31101.7
60.1,0,120.11,23.5001,5996.06,0.563259,-0.0642554,2.47202,89.9759,0,7,31651,31083.6
60.2,0,120.11,23.5001,5995.98,0.563251,-0.0641791,2.47424,89.976,0,7,31633.2,31065.4
60.3,0,120.11,23.5001,5995.89,0.563242,-0.0641038,2.47646,89.9761,0,7,31615.4,31047.3
60.4,0,120.111,23.5001,5995.8,0.563234,-0.0640295,2.47867,89.9762,0,7,31597.6,31029.2
60.5,0,120.111,23.5001,5995.72,0.563226,-0.0639561,2.48087,89.9762,0,7,31579.8,31011.1
60.6,0,120.111,23.5001,5995.63,0.563218,-0.0638838,2.48306,89.9763,0,7,31562,30992.9
60.7,0,120.111,23.5001,5995.55,0.56321,-0.0638125,2.48524,89.9764,0,7,31544.2,30974.8
60.8,0,120.111,23.5001,5995.46,0.563202,-0.0637421,2.48742,89.9765,0,7,31526.4,30956.7
60.9,0,120.112,23.5001,5995.38,0.563193,-0.0636728,2.48959,89.9766,0,7,31508.6,30938.6
61,0,120.112,23.5001,5995.3,0.563185,-0.0636044,2.49175,89.9767,0,7,31490.8,30920.4
61.1,0,120.112,23.5001,5995.22,0.563176,-0.0635369,2.4939,89.9768,0,7,31473,30902.3
61.2,0,120.112,23.5001,5995.13,0.563168,-0.0634705,2.49605,89.9769,0,7,31455.2,30884.2
61.3,0,120.112,23.5001,5995.05,0.56316,-0.0634049,2.49818,89.9769,0,7,31437.4,30866.1
61.4,0,120.112,23.5001,5994.97,0.563151,-0.0633403,2.50031,89.977,0,7,31419.6,30848
61.5,0,120.113,23.5001,5994.9,0.563142,-0.0632767,2.50243,89.9771,0,7,31401.8,30829.9
61.6,0,120.113,23.5001,5994.82,0.563134,-0.063214,2.50454,89.9772,0,7,31384,30811.7
61.7,0,120.113,23.5001,5994.74,0.563125,-0.0631522,2.50664,89.9773,0,7,31366.3,30793.6
61.8,0,120.113,23.5001,5994.66,0.563117,-0.0630913,2.50873,89.9774,0,7,31348.5,30775.5
61.9,0,120.113,23.5001,5994.59,0.563108,-0.0630314,2.51081,89.9775,0,7,31330.7,30757.4
62,0,120.114,23.5001,5994.51,0.563099,-0.0629723,2.51289,89.9776,0,7,31312.9,30739.3
62.1,0,120.114,23.5001,5994.44,0.56309,-0.0629142,2.51496,89.9777,0,7,31295.1,30721.2
62.2,0,120.114,23.5001,5994.36,0.563081,-0.0628569,2.51701,89.9778,0,7,31277.4,30703.1
62.3,0,120.114,23.5001,5994.29,0.563073,-0.0628006,2.51906,89.9778,0,7,31259.6,30685
62.4,0,120.114,23.5001,5994.22,0.563064,-0.0627451,2.5211,89.9779,0,7,31241.8,30666.9
62.5,0,120.114,23.5001,5994.15,0.563055,-0.0626904,2.52313,89.978,0,7,31224.1,30648.8
62.6,0,120.115,23.5001,5994.08,0.563046,-0.0626367,2.52514,89.9781,0,7,31206.3,30630.7
62.7,0,120.115,23.5001,5994,0.563037,-0.0625838,2.52715,89.9782,0,7,31188.5,30612.6
62.8,0,120.115,23.5001,5993.94,0.563028,-0.0625317,2.52916,89.9783,0,7,31170.8,30594.5
62.9,0,120.115,23.5001,5993.87,0.563019,-0.0624805,2.53115,89.9784,0,7,31153,30576.4
63,0,120.115,23.5001,5993.8,0.563009,-0.0624301,2.53313,89.9785,0,7,31135.3,30558.3
63.1,0,120.116,23.5001,5993.73,0.563,-0.0623806,2.5351,89.9786,0,7,31117.5,30540.2
63.2,0,120.116,23.5001,5993.66,0.562991,-0.0623319,2.53706,89.9787,0,7,31099.7,30522.2
63.3,0,120.116,23.5001,5993.6,0.562982,-0.062284,2.53901,89.9788,0,7,31082,30504.1
63.4,0,120.116,23.5001,5993.53,0.562973,-0.0622369,2.54096,89.9789,0,7,31064.2,30486
63.5,0,120.116,23.5001,5993.47,0.562963,-0.0621906,2.54289,89.979,0,7,31046.5,30467.9
63.6,0,120.117,23.5001,5993.4,0.562954,-0.0621451,2.54481,89.9791,0,7,31028.7,30449.8
63.7,0,120.117,23.5001,5993.34,0.562944,-0.0621004,2.54673,89.9792,0,7,31011,30431.7
63.8,0,120.117,23.5001,5993.27,0.562935,-0.0620565,2.54863,89.9793,0,7,30993.3,30413.7
63.9,0,120.117,23.5001,5993.21,0.562926,-0.0620133,2.55052,89.9794,0,7,30975.5,30395.6
64,0,120.117,23.5001,5993.15,0.562916,-0.0619709,2.55241,89.9794,0,7,30957.8,30377.5
64.1,0,120.117,23.5001,5993.09,0.562907,-0.0619293,2.55428,89.9795,0,7,30940.1,30359.4
64.2,0,120.118,23.5001,5993.03,0.562897,-0.0618884,2.55615,89.9796,0,7,30922.3,30341.4
64.3,0,120.118,23.5001,5992.97,0.562887,-0.0618483,2.558,89.9797,0,7,30904.6,30323.3
64.4,0,120.118,23.5001,5992.91,0.562878,-0.0618089,2.55984,89.9798,0,7,30886.9,30305.2
64.5,0,120.118,23.5001,5992.85,0.562868,-0.0617702,2.56168,89.9799,0,7,30869.1,30287.2
64.6,0,120.118,23.5001,5992.79,0.562858,-0.0617323,2.5635,89.98,0,7,30851.4,30269.1
64.7,0,120.119,23.5001,5992.73,0.562849,-0.061695,2.56532,89.9801,0,7,30833.7,30251
64.8,0,120.119,23.5001,5992.68,0.562839,-0.0616585,2.56712,89.9802,0,7,30816,30233
64.9,0,120.119,23.5001,5992.62,0.562829,-0.0616227,2.56892,89.9803,0,7,30798.2,30214.9
65,0,120.119,23.5001,5992.56,0.562819,-0.0615876,2.5707,89.9804,0,7,30780.5,30196.9
65.1,0,120.119,23.5001,5992.51,0.562809,-0.0615532,2.57248,89.9805,0,7,30762.8,30178.8
65.2,0,120.12,23.5001,5992.45,0.562799,-0.0615195,2.57425,89.9806,0,7,30745.1,30160.7
65.3,0,120.12,23.5001,5992.4,0.562789,-0.0614864,2.576,89.9807,0,7,30727.4,30142.7
65.4,0,120.12,23.5001,5992.35,0.562779,-0.061454,2.57775,89.9808,0,7,30709.7,30124.6
65.5,0,120.12,23.5001,5992.29,0.562769,-0.0614223,2.57949,89.9809,0,7,30692,30106.6
65.6,0,120.12,23.5001,5992.24,0.562759,-0.0613912,2.58121,89.981,0,7,30674.3,30088.5
65.7,0,120.12,23.5001,5992.19,0.562749,-0.0613608,2.58293,89.9811,0,7,30656.6,30070.5
65.8,0,120.121,23.5001,5992.14,0.562739,-0.061331,2.58464,89.9812,0,7,30638.9,30052.4
65.9,0,120.121,23.5001,5992.09,0.562729,-0.0613019,2.58634,89.9813,0,7,30621.2,30034.4
66,0,120.121,23.5001,5992.04,0.562719,-0.0612734,2.58803,89.9814,0,7,30603.5,30016.4
66.1,0,120.121,23.5001,5991.99,0.562709,-0.0612455,2.5897,89.9815,0,7,30585.8,29998.3
66.2,0,120.121,23.5001,5991.94,0.562698,-0.0612183,2.59137,89.9816,0,7,30568.1,29980.3
66.3,0,120.122,23.5001,5991.89,0.562688,-0.0611916,2.59304,89.9817,0,7,30550.4,29962.2
66.4,0,120.122,23.5001,5991.84,0.562678,-0.0611656,2.59469,89.9818,0,7,30532.7,29944.2
66.5,0,120.122,23.5001,5991.8,0.562667,-0.0611401,2.59633,89.9819,0,7,30515,29926.2
66.6,0,120.122,23.5001,5991.75,0.562657,-0.0611153,2.59796,89.982,0,7,30497.4,29908.1
66.7,0,120.122,23.5001,5991.71,0.562647,-0.061091,2.59959,89.9821,0,7,30479.7,29890.1
66.8,0,120.123,23.5001,5991.66,0.562636,-0.0610673,2.6012,89.9822,0,7,30462,29872.1
66.9,0,120.123,23.5001,5991.61,0.562626,-0.0610442,2.60281,89.9823,0,7,30444.3,29854.1
67,0,120.123,23.5001,5991.57,0.562615,-0.0610217,2.6044,89.9824,0,7,30426.7,29836
67.1,0,120.123,23.5001,5991.53,0.562605,-0.0609997,2.60599,89.9825,0,7,30409,29818
67.2,0,120.123,23.5001,5991.48,0.562594,-0.0609783,2.60757,89.9826,0,7,30391.3,29800
67.3,0,120.123,23.5001,5991.44,0.562584,-0.0609575,2.60914,89.9827,0,7,30373.6,29782
67.4,0,120.124,23.5001,5991.4,0.562573,-0.0609371,2.6107,89.9828,0,7,30356,29764
67.5,0,120.124,23.5001,5991.36,0.562563,-0.0609174,2.61225,89.9829,0,7,30338.3,29745.9
67.6,0,120.124,23.5001,5991.31,0.562552,-0.0608981,2.6138,89.983,0,7,30320.7,29727.9
67.7,0,120.124,23.5001,5991.27,0.562541,-0.0608794,2.61533,89.9831,0,7,30303,29709.9
67.8,0,120.124,23.5001,5991.23,0.562531,-0.0608612,2.61686,89.9832,0,7,30285.3,29691.9
67.9,0,120.125,23.5001,5991.19,0.56252,-0.0608436,2.61838,89.9833,0,7,30267.7,29673.9
68,0,120.125,23.5001,5991.15,0.562509,-0.0608264,2.61989,89.9834,0,7,30250,29655.9
68.1,0,120.125,23.5001,5991.12,0.562498,-0.0608097,2.62139,89.9835,0,7,30232.4,29637.9
68.2,0,120.125,23.5001,5991.08,0.562487,-0.0607936,2.62288,89.9836,0,7,30214.7,29619.9
68.3,0,120.125,23.5001,5991.04,0.562477,-0.0607779,2.62437,89.9837,0,7,30197.1,29601.9
68.4,0,120.126,23.5001,5991,0.562466,-0.0607628,2.62585,89.9838,0,7,30179.5,29583.9
68.5,0,120.126,23.5001,5990.96,0.562455,-0.0607481,2.62732,89.9839,0,7,30161.8,29565.9
68.6,0,120.126,23.5001,5990.93,0.562444,-0.0607339,2.62878,89.984,0,7,30144.2,29547.9
68.7,0,120.126,23.5001,5990.89,0.562433,-0.0607202,2.63023,89.9841,0,7,30126.5,29529.9
68.8,0,120.126,23.5001,5990.86,0.562422,-0.0607069,2.63168,89.9842,0,7,30108.9,29511.9
68.9,0,120.126,23.5001,5990.82,0.562411,-0.0606941,2.63312,89.9843,0,7,30091.3,29493.9
69,0,120.127,23.5001,5990.79,0.5624,-0.0606818,2.63455,89.9844,0,7,30073.7,29475.9
69.1,0,120.127,23.5001,5990.75,0.562389,-0.0606699,2.63597,89.9845,0,7,30056,29457.9
69.2,0,120.127,23.5001,5990.72,0.562378,-0.0606585,2.63739,89.9846,0,7,30038.4,29439.9
69.3,0,120.127,23.5001,5990.69,0.562367,-0.0606475,2.6388,89.9847,0,7,30020.8,29421.9
69.4,0,120.127,23.5001,5990.65,0.562356,-0.060637,2.6402,89.9848,0,7,30003.2,29404
69.5,0,120.128,23.5001,5990.62,0.562345,-0.0606269,2.6416,89.9849,0,7,29985.5,29386
69.6,0,120.128,23.5001,5990.59,0.562334,-0.0606172,2.64298,89.985,0,7,29967.9,29368
69.7,0,120.128,23.5001,5990.56,0.562322,-0.060608,2.64436,89.9851,0,7,29950.3,29350
69.8,0,120.128,23.5001,5990.53,0.562311,-0.0605991,2.64574,89.9852,0,7,29932.7,29332
69.9,0,120.128,23.5001,5990.5,0.5623,-0.0605907,2.6471,89.9853,0,7,29915.1,29314.1
70,0,120.129,23.5001,5990.47,0.562289,-0.0605827,2.64846,89.9854,0,7,29897.5,29296.1
70.1,0,120.129,23.5001,5990.44,0.562278,-0.0605751,2.64982,89.9856,0,7,29879.9,29278.1
70.2,0,120.129,23.5001,5990.41,0.562266,-0.0605679,2.65116,89.9857,0,7,29862.3,29260.2
70.3,0,120.129,23.5001,5990.38,0.562255,-0.0605612,2.6525,89.9858,0,7,29844.7,29242.2
70.4,0,120.129,23.5001,5990.35,0.562244,-0.0605548,2.65384,89.9859,0,7,29827.1,29224.2
70.5,0,120.129,23.5001,5990.33,0.562232,-0.0605488,2.65516,89.986,0,7,29809.5,29206.3
70.6,0,120.13,23.5001,5990.3,0.562221,-0.0605431,2.65648,89.9861,0,7,29791.9,29188.3
70.7,0,120.13,23.5001,5990.27,0.56221,-0.0605379,2.6578,89.9862,0,7,29774.3,29170.3
70.8,0,120.13,23.5001,5990.24,0.562198,-0.060533,2.65911,89.9863,0,7,29756.7,29152.4
70.9,0,120.13,23.5001,5990.22,0.562187,-0.0605286,2.66041,89.9864,0,7,29739.1,29134.4
71,0,120.13,23.5001,5990.19,0.562175,-0.0605244,2.6617,89.9865,0,7,29721.5,29116.5
71.1,0,120.131,23.5001,5990.17,0.562164,-0.0605207,2.66299,89.9866,0,7,29704,29098.5
71.2,0,120.131,23.5001,5990.14,0.562152,-0.0605173,2.66428,89.9867,0,7,29686.4,29080.6
71.3,0,120.131,23.5001,5990.12,0.562141,-0.0605142,2.66556,89.9868,0,7,29668.8,29062.6
71.4,0,120.131,23.5001,5990.09,0.562129,-0.0605116,2.66683,89.9869,0,7,29651.2,29044.7
71.5,0,120.131,23.5001,5990.07,0.562118,-0.0605092,2.66809,89.987,0,7,29633.7,29026.7
71.6,0,120.132,23.5001,5990.05,0.562106,-0.0605072,2.66935,89.9871,0,7,29616.1,29008.8
71.7,0,120.132,23.5001,5990.03,0.562095,-0.0605056,2.67061,89.9872,0,7,29598.5,28990.9
71.8,0,120.132,23.5001,5990,0.562083,-0.0605042,2.67186,89.9873,0,7,29581,28972.9
71.9,0,120.132,23.5001,5989.98,0.562072,-0.0605033,2.6731,89.9874,0,7,29563.4,28955
72,0,120.132,23.5001,5989.96,0.56206,-0.0605026,2.67434,89.9875,0,7,29545.8,28937
72.1,0,120.132,23.5001,5989.94,0.562048,-0.0605023,2.67557,89.9876,0,7,29528.3,28919.1
72.2,0,120.133,23.5001,5989.92,0.562037,-0.0605023,2.6768,89.9877,0,7,29510.7,28901.2
72.3,0,120.133,23.5001,5989.9,0.562025,-0.0605026,2.67802,89.9878,0,7,29493.2,28883.2
72.4,0,120.133,23.5001,5989.88,0.562013,-0.0605032,2.67924,89.9879,0,7,29475.6,28865.3
72.5,0,120.133,23.5001,5989.86,0.562002,-0.0605041,2.68045,89.988,0,7,29458.1,28847.4
72.6,0,120.133,23.5001,5989.84,0.56199,-0.0605053,2.68166,89.9881,0,7,29440.5,28829.5
72.7,0,120.134,23.5001,5989.82,0.561978,-0.0605069,2.68286,89.9882,0,7,29423,28811.5
72.8,0,120.134,23.5001,5989.8,0.561966,-0.0605087,2.68406,89.9883,0,7,29405.4,28793.6
72.9,0,120.134,23.5001,5989.78,0.561955,-0.0605108,2.68525,89.9884,0,7,29387.9,28775.7
73,0,120.134,23.5001,5989.76,0.561943,-0.0605133,2.68644,89.9885,0,7,29370.4,28757.8
73.1,0,120.134,23.5001,5989.75,0.561931,-0.060516,2.68762,89.9886,0,7,29352.8,28739.9
73.2,0,120.135,23.5001,5989.73,0.561919,-0.060519,2.6888,89.9887,0,7,29335.3,28722
73.3,0,120.135,23.5001,5989.71,0.561907,-0.0605222,2.68997,89.9888,0,7,29317.8,28704.1
73.4,0,120.135,23.5001,5989.7,0.561896,-0.0605258,2.69114,89.9889,0,7,29300.3,28686.1
73.5,0,120.135,23.5001,5989.68,0.561884,-0.0605296,2.6923,89.989,0,7,29282.7,28668.2
73.6,0,120.135,23.5001,5989.67,0.561872,-0.0605337,2.69346,89.9891,0,7,29265.2,28650.3
73.7,0,120.135,23.5001,5989.65,0.56186,-0.0605381,2.69461,89.9892,0,7,29247.7,28632.4
73.8,0,120.136,23.5001,5989.64,0.561848,-0.0605427,2.69576,89.9894,0,7,29230.2,28614.5
73.9,0,120.136,23.5001,5989.62,0.561836,-0.0605476,2.69691,89.9895,0,7,29212.7,28596.6
74,0,120.136,23.5001,5989.61,0.561824,-0.0605528,2.69805,89.9896,0,7,29195.1,28578.7
74.1,0,120.136,23.5001,5989.59,0.561812,-0.0605582,2.69919,89.9897,0,7,29177.6,28560.8
74.2,0,120.136,23.5001,5989.58,0.5618,-0.0605638,2.70032,89.9898,0,7,29160.1,28542.9
74.3,0,120.137,23.5001,5989.57,0.561788,-0.0605697,2.70144,89.9899,0,7,29142.6,28525.1
74.4,0,120.137,23.5001,5989.55,0.561776,-0.0605759,2.70257,89.99,0,7,29125.1,28507.2
74.5,0,120.137,23.5001,5989.54,0.561764,-0.0605822,2.70369,89.9901,0,7,29107.6,28489.3
74.6,0,120.137,23.5001,5989.53,0.561752,-0.0605889,2.7048,89.9902,0,7,29090.1,28471.4
74.7,0,120.137,23.5001,5989.52,0.56174,-0.0605957,2.70591,89.9903,0,7,29072.6,28453.5
74.8,0,120.138,23.5001,5989.51,0.561728,-0.0606028,2.70702,89.9904,0,7,29055.1,28435.6
74.9,0,120.138,23.5001,5989.5,0.561716,-0.0606101,2.70812,89.9905,0,7,29037.6,28417.7
75,0,120.138,23.5001,5989.49,0.561704,-0.0606177,2.70922,89.9906,0,7,29020.2,28399.9
75.1,0,120.138,23.5001,5989.47,0.561692,-0.0606254,2.71031,89.9907,0,7,29002.7,28382
75.2,0,120.138,23.5001,5989.46,0.56168,-0.0606334,2.7114,89.9908,0,7,28985.2,28364.1
75.3,0,120.138,23.5001,5989.46,0.561667,-0.0606416,2.71249,89.9909,0,7,28967.7,28346.2
75.4,0,120.139,23.5001,5989.45,0.561655,-0.06065,2.71357,89.991,0,7,28950.2,28328.4
75.5,0,120.139,23.5001,5989.44,0.561643,-0.0606587,2.71465,89.9911,0,7,28932.7,28310.5
75.6,0,120.139,23.5001,5989.43,0.561631,-0.0606675,2.71572,89.9912,0,7,28915.3,28292.6
75.7,0,120.139,23.5001,5989.42,0.561619,-0.0606765,2.71679,89.9913,0,7,28897.8,28274.8
75.8,0,120.139,23.5001,5989.41,0.561607,-0.0606857,2.71786,89.9914,0,7,28880.3,28256.9
75.9,0,120.14,23.5001,5989.4,0.561594,-0.0606952,2.71892,89.9915,0,7,28862.9,28239.1
76,0,120.14,23.5001,5989.4,0.561582,-0.0607048,2.71998,89.9916,0,7,28845.4,28221.2
76.1,0,120.14,23.5001,5989.39,0.56157,-0.0607146,2.72103,89.9917,0,7,28827.9,28203.3
76.2,0,120.14,23.5001,5989.38,0.561558,-0.0607246,2.72208,89.9918,0,7,28810.5,28185.5
76.3,0,120.14,23.5001,5989.38,0.561545,-0.0607348,2.72313,89.9919,0,7,28793,28167.6
76.4,0,120.14,23.5001,5989.37,0.561533,-0.0607452,2.72417,89.992,0,7,28775.6,28149.8
76.5,0,120.141,23.5001,5989.37,0.561521,-0.0607557,2.72521,89.9921,0,7,28758.1,28131.9
76.6,0,120.141,23.5001,5989.36,0.561508,-0.0607664,2.72625,89.9922,0,7,28740.7,28114.1
76.7,0,120.141,23.5001,5989.35,0.561496,-0.0607773,2.72728,89.9923,0,7,28723.2,28096.2
76.8,0,120.141,23.5001,5989.35,0.561484,-0.0607884,2.72831,89.9924,0,7,28705.8,28078.4
76.9,0,120.141,23.5001,5989.35,0.561471,-0.0607997,2.72933,89.9925,0,7,28688.4,28060.6
77,0,120.142,23.5001,5989.34,0.561459,-0.0608111,2.73035,89.9926,0,7,28670.9,28042.7
77.1,0,120.142,23.5001,5989.34,0.561447,-0.0608227,2.73137,89.9927,0,7,28653.5,28024.9
77.2,0,120.142,23.5001,5989.33,0.561434,-0.0608345,2.73238,89.9928,0,7,28636,28007.1
77.3,0,120.142,23.5001,5989.33,0.561422,-0.0608465,2.73339,89.9929,0,7,28618.6,27989.2
77.4,0,120.142,23.5001,5989.33,0.561409,-0.0608586,2.73439,89.993,0,7,28601.2,27971.4
77.5,0,120.143,23.5001,5989.32,0.561397,-0.0608709,2.73539,89.9931,0,7,28583.8,27953.6
77.6,0,120.143,23.5001,5989.32,0.561385,-0.0608833,2.73638,89.9932,0,7,28566.3,27935.7
77.7,0,120.143,23.5001,5989.32,0.561372,-0.0608959,2.73737,89.9933,0,7,28548.9,27917.9
77.8,0,120.143,23.5001,5989.32,0.56136,-0.0609087,2.73836,89.9934,0,7,28531.5,27900.1
77.9,0,120.143,23.5001,5989.32,0.561347,-0.0609217,2.73934,89.9935,0,7,28514.1,27882.3
78,0,120.143,23.5001,5989.32,0.561335,-0.0609348,2.74032,89.9936,0,7,28496.7,27864.5
78.1,0,120.144,23.5001,5989.32,0.561322,-0.060948,2.74129,89.9937,0,7,28479.3,27846.7
78.2,0,120.144,23.5001,5989.31,0.56131,-0.0609614,2.74226,89.9938,0,7,28461.9,27828.8
78.3,0,120.144,23.5001,5989.31,0.561297,-0.0609749,2.74322,89.9939,0,7,28444.5,27811
78.4,0,120.144,23.5001,5989.31,0.561285,-0.0609886,2.74417,89.994,0,7,28427.1,27793.2
78.5,0,120.144,23.5001,5989.31,0.561272,-0.0610025,2.74513,89.9941,0,7,28409.7,27775.4
78.6,0,120.145,23.5001,5989.32,0.56126,-0.0610165,2.74607,89.9942,0,7,28392.3,27757.6
78.7,0,120.145,23.5001,5989.32,0.561247,-0.0610306,2.74701,89.9943,0,7,28374.9,27739.8
78.8,0,120.145,23.5001,5989.32,0.561235,-0.0610449,2.74795,89.9944,0,7,28357.5,27722
78.9,0,120.145,23.5001,5989.32,0.561222,-0.0610593,2.74888,89.9945,0,7,28340.1,27704.2
79,0,120.145,23.5001,5989.32,0.561209,-0.0610739,2.7498,89.9946,0,7,28322.7,27686.4
79.1,0,120.146,23.5001,5989.32,0.561197,-0.0610886,2.75072,89.9947,0,7,28305.3,27668.6
79.2,0,120.146,23.5001,5989.32,0.561184,-0.0611034,2.75163,89.9948,0,7,28287.9,27650.8
79.3,0,120.146,23.5001,5989.33,0.561172,-0.0611183,2.75254,89.9949,0,7,28270.6,27633
79.4,0,120.146,23.5001,5989.33,0.561159,-0.0611334,2.75344,89.995,0,7,28253.2,27615.2
79.5,0,120.146,23.5001,5989.33,0.561146,-0.0611486,2.75434,89.9951,0,7,28235.8,27597.5
79.6,0,120.146,23.5001,5989.34,0.561134,-0.061164,2.75522,89.9952,0,7,28218.4,27579.7
79.7,0,120.147,23.5001,5989.34,0.561121,-0.0611794,2.75611,89.9953,0,7,28201.1,27561.9
79.8,0,120.147,23.5001,5989.34,0.561108,-0.061195,2.75698,89.9954,0,7,28183.7,27544.1
79.9,0,120.147,23.5001,5989.35,0.561096,-0.0612107,2.75785,89.9955,0,7,28166.3,27526.3
80,0,120.147,23.5001,5989.35,0.561083,-0.0612265,2.75872,89.9956,0,7,28149,27508.6
80.1,0,120.147,23.5001,5989.36,0.56107,-0.0612424,2.75957,89.9957,0,7,28131.6,27490.8
80.2,0,120.148,23.5001,5989.36,0.561058,-0.0612584,2.76042,89.9958,0,7,28114.3,27473
80.3,0,120.148,23.5001,5989.37,0.561045,-0.0612745,2.76127,89.9959,0,7,28096.9,27455.3
80.4,0,120.148,23.5001,5989.37,0.561032,-0.0612908,2.7621,89.996,0,7,28079.6,27437.5
80.5,0,120.148,23.5001,5989.38,0.561019,-0.0613071,2.76293,89.9961,0,7,28062.2,27419.7
80.6,0,120.148,23.5001,5989.38,0.561007,-0.0613235,2.76376,89.9962,0,7,28044.9,27402
80.7,0,120.149,23.5001,5989.39,0.560994,-0.06134,2.76457,89.9963,0,7,28027.5,27384.2
80.8,0,120.149,23.5001,5989.4,0.560981,-0.0613567,2.76538,89.9964,0,7,28010.2,27366.4
80.9,0,120.149,23.5001,5989.4,0.560968,-0.0613734,2.76618,89.9965,0,7,27992.9,27348.7
81,0,120.149,23.5001,5989.41,0.560956,-0.0613901,2.76698,89.9966,0,7,27975.5,27330.9
81.1,0,120.149,23.5001,5989.42,0.560943,-0.061407,2.76777,89.9967,0,7,27958.2,27313.2
81.2,0,120.149,23.5001,5989.42,0.56093,-0.061424,2.76855,89.9968,0,7,27940.9,27295.4
81.3,0,120.15,23.5001,5989.43,0.560917,-0.061441,2.76932,89.9969,0,7,27923.5,27277.7
81.4,0,120.15,23.5001,5989.44,0.560905,-0.0614581,2.77009,89.997,0,7,27906.2,27259.9
81.5,0,120.15,23.5001,5989.45,0.560892,-0.0614752,2.77085,89.9971,0,7,27888.9,27242.2
81.6,0,120.15,23.5001,5989.46,0.560879,-0.0614925,2.7716,89.9972,0,7,27871.6,27224.5
81.7,0,120.15,23.5001,5989.46,0.560866,-0.0615098,2.77235,89.9973,0,7,27854.3,27206.7
81.8,0,120.151,23.5001,5989.47,0.560853,-0.0615271,2.77308,89.9974,0,7,27837,27189
81.9,0,120.151,23.5001,5989.48,0.560841,-0.0615446,2.77381,89.9975,0,7,27819.6,27171.3
82,0,120.151,23.5001,5989.49,0.560828,-0.0615621,2.77453,89.9976,0,7,27802.3,27153.5
82.1,0,120.151,23.5001,5989.5,0.560815,-0.0615796,2.77525,89.9976,0,7,27785,27135.8
82.2,0,120.151,23.5001,5989.51,0.560802,-0.0615972,2.77596,89.9977,0,7,27767.7,27118.1
82.3,0,120.152,23.5001,5989.52,0.560789,-0.0616148,2.77666,89.9978,0,7,27750.4,27100.3
82.4,0,120.152,23.5001,5989.53,0.560777,-0.0616325,2.77735,89.9979,0,7,27733.1,27082.6
82.5,0,120.152,23.5001,5989.54,0.560764,-0.0616502,2.77804,89.998,0,7,27715.9,27064.9
82.6,0,120.152,23.5001,5989.55,0.560751,-0.0616679,2.77871,89.9981,0,7,27698.6,27047.2
82.7,0,120.152,23.5001,5989.56,0.560738,-0.0616857,2.77938,89.9982,0,7,27681.3,27029.5
82.8,0,120.152,23.5001,5989.57,0.560725,-0.0617036,2.78005,89.9983,0,7,27664,27011.8
82.9,0,120.153,23.5001,5989.58,0.560713,-0.0617214,2.7807,89.9984,0,7,27646.7,26994
83,0,120.153,23.5001,5989.59,0.5607,-0.0617393,2.78135,89.9985,0,7,27629.4,26976.3
83.1,0,120.153,23.5001,5989.61,0.560687,-0.0617572,2.78199,89.9986,0,7,27612.2,26958.6
83.2,0,120.153,23.5001,5989.62,0.560674,-0.0617751,2.78263,89.9987,0,7,27594.9,26940.9
83.3,0,120.153,23.5001,5989.63,0.560661,-0.0617931,2.78325,89.9988,0,7,27577.6,26923.2
83.4,0,120.154,23.5001,5989.64,0.560648,-0.0618111,2.78387,89.9989,0,7,27560.3,26905.5
83.5,0,120.154,23.5001,5989.65,0.560636,-0.061829,2.78448,89.999,0,7,27543.1,26887.8
83.6,0,120.154,23.5001,5989.67,0.560623,-0.061847,2.78509,89.9991,0,7,27525.8,26870.1
83.7,0,120.154,23.5001,5989.68,0.56061,-0.061865,2.78568,89.9992,0,7,27508.6,26852.4
83.8,0,120.154,23.5001,5989.69,0.560597,-0.061883,2.78627,89.9993,0,7,27491.3,26834.7
83.9,0,120.154,23.5001,5989.7,0.560584,-0.0619011,2.78686,89.9994,0,7,27474.1,26817
84,0,120.155,23.5001,5989.72,0.560571,-0.0619191,2.78743,89.9995,0,7,27456.8,26799.4
84.1,0,120.155,23.5001,5989.73,0.560559,-0.0619371,2.788,89.9996,0,7,27439.6,26781.7
84.2,0,120.155,23.5001,5989.74,0.560546,-0.0619551,2.78856,89.9997,0,7,27422.3,26764
84.3,0,120.155,23.5001,5989.76,0.560533,-0.0619731,2.78911,89.9998,0,7,27405.1,26746.3
84.4,0,120.155,23.5001,5989.77,0.56052,-0.0619912,2.78966,89.9998,0,7,27387.8,26728.6
84.5,0,120.156,23.5001,5989.78,0.560507,-0.0620092,2.7902,89.9999,0,7,27370.6,26711
84.6,0,120.156,23.5001,5989.8,0.560495,-0.0620272,2.79074,90,0,7,27353.4,26693.3
84.7,0,120.156,23.5001,5989.81,0.560482,-0.0620451,2.79126,90.0001,0,7,27336.1,26675.6
84.8,0,120.156,23.5001,5989.83,0.560469,-0.0620631,2.79178,90.0002,0,7,27318.9,26658
84.9,0,120.156,23.5001,5989.84,0.560456,-0.062081,2.7923,90.0003,0,7,27301.7,26640.3
85,0,120.157,23.5001,5989.85,0.560444,-0.062099,2.7928,90.0004,0,7,27284.4,26622.6
85.1,0,120.157,23.5001,5989.87,0.560431,-0.0621169,2.7933,90.0005,0,7,27267.2,26605
85.2,0,120.157,23.5001,5989.88,0.560418,-0.0621348,2.7938,90.0006,0,7,27250,26587.3
85.3,0,120.157,23.5001,5989.9,0.560405,-0.0621526,2.79428,90.0007,0,7,27232.8,26569.6
85.4,0,120.157,23.5001,5989.91,0.560393,-0.0621705,2.79476,90.0008,0,7,27215.6,26552
85.5,0,120.157,23.5001,5989.93,0.56038,-0.0621883,2.79524,90.0009,0,7,27198.4,26534.3
85.6,0,120.158,23.5001,5989.94,0.560367,-0.0622061,2.79571,90.001,0,7,27181.2,26516.7
85.7,0,120.158,23.5001,5989.96,0.560354,-0.0622238,2.79617,90.0011,0,7,27164,26499
85.8,0,120.158,23.5001,5989.98,0.560342,-0.0622415,2.79662,90.0012,0,7,27146.8,26481.4
85.9,0,120.158,23.5001,5989.99,0.560329,-0.0622592,2.79707,90.0013,0,7,27129.6,26463.8
86,0,120.158,23.5001,5990.01,0.560316,-0.0622769,2.79752,90.0013,0,7,27112.4,26446.1
86.1,0,120.159,23.5001,5990.02,0.560304,-0.0622945,2.79795,90.0014,0,7,27095.2,26428.5
86.2,0,120.159,23.5001,5990.04,0.560291,-0.0623121,2.79839,90.0015,0,7,27078,26410.8
86.3,0,120.159,23.5001,5990.06,0.560278,-0.0623296,2.79881,90.0016,0,7,27060.8,26393.2
86.4,0,120.159,23.5001,5990.07,0.560266,-0.0623471,2.79923,90.0017,0,7,27043.6,26375.6
86.5,0,120.159,23.5001,5990.09,0.560253,-0.0623646,2.79965,90.0018,0,7,27026.5,26358
86.6,0,120.16,23.5001,5990.1,0.56024,-0.062382,2.80006,90.0019,0,7,27009.3,26340.3
86.7,0,120.16,23.5001,5990.12,0.560228,-0.0623994,2.80046,90.002,0,7,26992.1,26322.7
86.8,0,120.16,23.5001,5990.14,0.560215,-0.0624167,2.80086,90.0021,0,7,26974.9,26305.1
86.9,0,120.16,23.5001,5990.15,0.560202,-0.062434,2.80125,90.0022,0,7,26957.8,26287.5
87,0,120.16,23.5001,5990.17,0.56019,-0.0624512,2.80164,90.0023,0,7,26940.6,26269.9
87.1,0,120.16,23.5001,5990.19,0.560177,-0.0624684,2.80202,90.0024,0,7,26923.4,26252.2
87.2,0,120.161,23.5001,5990.21,0.560165,-0.0624855,2.8024,90.0025,0,7,26906.3,26234.6
87.3,0,120.161,23.5001,5990.22,0.560152,-0.0625026,2.80277,90.0025,0,7,26889.1,26217
87.4,0,120.161,23.5001,5990.24,0.56014,-0.0625196,2.80314,90.0026,0,7,26872,26199.4
87.5,0,120.161,23.5001,5990.26,0.560127,-0.0625366,2.80351,90.0027,0,7,26854.8,26181.8
87.6,0,120.161,23.5001,5990.28,0.560115,-0.0625535,2.80386,90.0028,0,7,26837.7,26164.2
87.7,0,120.162,23.5001,5990.29,0.560102,-0.0625704,2.80422,90.0029,0,7,26820.5,26146.6
87.8,0,120.162,23.5001,5990.31,0.56009,-0.0625872,2.80457,90.003,0,7,26803.4,26129
87.9,0,120.162,23.5001,5990.33,0.560077,-0.062604,2.80491,90.0031,0,7,26786.3,26111.4
88,0,120.162,23.5001,5990.35,0.560065,-0.0626207,2.80525,90.0032,0,7,26769.1,26093.8
88.1,0,120.162,23.5001,5990.36,0.560052,-0.0626374,2.80559,90.0033,0,7,26752,26076.2
88.2,0,120.162,23.5001,5990.38,0.56004,-0.062654,2.80592,90.0034,0,7,26734.9,26058.6
88.3,0,120.163,23.5001,5990.4,0.560027,-0.0626705,2.80625,90.0035,0,7,26717.7,26041.1
88.4,0,120.163,23.5001,5990.42,0.560015,-0.062687,2.80657,90.0036,0,7,26700.6,26023.5
88.5,0,120.163,23.5001,5990.44,0.560003,-0.0627034,2.80689,90.0036,0,7,26683.5,26005.9
88.6,0,120.163,23.5001,5990.45,0.55999,-0.0627198,2.8072,90.0037,0,7,26666.4,25988.3
88.7,0,120.163,23.5001,5990.47,0.559978,-0.0627361,2.80751,90.0038,0,7,26649.3,25970.7
88.8,0,120.164,23.5001,5990.49,0.559966,-0.0627524,2.80782,90.0039,0,7,26632.1,25953.2
88.9,0,120.164,23.5001,5990.51,0.559953,-0.0627686,2.80813,90.004,0,7,26615,25935.6
89,0,120.164,23.5001,5990.53,0.559941,-0.0627847,2.80843,90.0041,0,7,26597.9,25918
89.1,0,120.164,23.5001,5990.55,0.559929,-0.0628008,2.80872,90.0042,0,7,26580.8,25900.5
89.2,0,120.164,23.5001,5990.57,0.559917,-0.0628168,2.80901,90.0043,0,7,26563.7,25882.9
89.3,0,120.165,23.5001,5990.58,0.559904,-0.0628327,2.8093,90.0044,0,7,26546.6,25865.3
89.4,0,120.165,23.5001,5990.6,0.559892,-0.0628486,2.80959,90.0045,0,7,26529.5,25847.8
89.5,0,120.165,23.5001,5990.62,0.55988,-0.0628644,2.80987,90.0045,0,7,26512.4,25830.2
89.6,0,120.165,23.5001,5990.64,0.559868,-0.0628802,2.81015,90.0046,0,7,26495.4,25812.7
89.7,0,120.165,23.5001,5990.66,0.559855,-0.0628959,2.81043,90.0047,0,7,26478.3,25795.1
89.8,0,120.165,23.5001,5990.68,0.559843,-0.0629115,2.8107,90.0048,0,7,26461.2,25777.6
89.9,0,120.166,23.5001,5990.7,0.559831,-0.0629271,2.81097,90.0049,0,7,26444.1,25760
90,0,120.166,23.5001,5990.72,0.559819,-0.0629426,2.81124,90.005,0,7,26427,25742.5
90.1,0,120.166,23.5001,5990.74,0.559807,-0.0629581,2.8115,90.0051,0,7,26410,25724.9
90.2,0,120.166,23.5001,5990.76,0.559795,-0.0629735,2.81176,90.0052,0,7,26392.9,25707.4
90.3,0,120.166,23.5001,5990.77,0.559783,-0.0629888,2.81202,90.0053,0,7,26375.8,25689.9
90.4,0,120.167,23.5001,5990.79,0.559771,-0.0630041,2.81228,90.0054,0,7,26358.8,25672.3
90.5,0,120.167,23.5001,5990.81,0.559759,-0.0630193,2.81253,90.0054,0,7,26341.7,25654.8
90.6,0,120.167,23.5001,5990.83,0.559747,-0.0630344,2.81278,90.0055,0,7,26324.6,25637.3
90.7,0,120.167,23.5001,5990.85,0.559735,-0.0630495,2.81303,90.0056,0,7,26307.6,25619.8
90.8,0,120.167,23.5001,5990.87,0.559723,-0.0630645,2.81327,90.0057,0,7,26290.5,25602.2
90.9,0,120.168,23.5001,5990.89,0.559711,-0.0630795,2.81351,90.0058,0,7,26273.5,25584.7
91,0,120.168,23.5001,5990.91,0.559699,-0.0630943,2.81375,90.0059,0,7,26256.5,25567.2
91.1,0,120.168,23.5001,5990.93,0.559687,-0.0631092,2.81399,90.006,0,7,26239.4,25549.7
91.2,0,120.168,23.5001,5990.95,0.559675,-0.0631239,2.81423,90.0061,0,7,26222.4,25532.2
91.3,0,120.168,23.5001,5990.97,0.559663,-0.0631386,2.81446,90.0062,0,7,26205.3,25514.7
91.4,0,120.168,23.5001,5990.99,0.559652,-0.0631533,2.81469,90.0062,0,7,26188.3,25497.1
91.5,0,120.169,23.5001,5991.01,0.55964,-0.0631678,2.81492,90.0063,0,7,26171.3,25479.6
91.6,0,120.169,23.5001,5991.03,0.559628,-0.0631824,2.81515,90.0064,0,7,26154.2,25462.1
91.7,0,120.169,23.5001,5991.05,0.559616,-0.0631968,2.81537,90.0065,0,7,26137.2,25444.6
91.8,0,120.169,23.5001,5991.07,0.559605,-0.0632112,2.81559,90.0066,0,7,26120.2,25427.1
91.9,0,120.169,23.5001,5991.09,0.559593,-0.0632255,2.81581,90.0067,0,7,26103.2,25409.6
92,0,120.17,23.5001,5991.11,0.559581,-0.0632398,2.81603,90.0068,0,7,26086.2,25392.2
92.1,0,120.17,23.5001,5991.13,0.559569,-0.063254,2.81625,90.0069,0,7,26069.2,25374.7
92.2,0,120.17,23.5001,5991.15,0.559558,-0.0632681,2.81646,90.0069,0,7,26052.2,25357.2
92.3,0,120.17,23.5001,5991.17,0.559546,-0.0632822,2.81667,90.007,0,7,26035.2,25339.7
92.4,0,120.17,23.5001,5991.19,0.559535,-0.0632962,2.81689,90.0071,0,7,26018.2,25322.2
92.5,0,120.171,23.5001,5991.21,0.559523,-0.0633102,2.81709,90.0072,0,7,26001.2,25304.7
92.6,0,120.171,23.5001,5991.23,0.559511,-0.0633241,2.8173,90.0073,0,7,25984.2,25287.3
92.7,0,120.171,23.5001,5991.25,0.5595,-0.0633379,2.81751,90.0074,0,7,25967.2,25269.8
92.8,0,120.171,23.5001,5991.27,0.559488,-0.0633517,2.81771,90.0075,0,7,25950.2,25252.3
92.9,0,120.171,23.5001,5991.29,0.559477,-0.0633654,2.81791,90.0076,0,7,25933.2,25234.8
93,0,120.171,23.5001,5991.31,0.559465,-0.0633791,2.81811,90.0077,0,7,25916.2,25217.4
93.1,0,120.172,23.5001,5991.33,0.559454,-0.0633927,2.81831,90.0077,0,7,25899.2,25199.9
93.2,0,120.172,23.5001,5991.35,0.559443,-0.0634062,2.81851,90.0078,0,7,25882.3,25182.4
93.3,0,120.172,23.5001,5991.37,0.559431,-0.0634197,2.81871,90.0079,0,7,25865.3,25165
93.4,0,120.172,23.5001,5991.39,0.55942,-0.0634331,2.8189,90.008,0,7,25848.3,25147.5
93.5,0,120.172,23.5001,5991.41,0.559408,-0.0634465,2.81909,90.0081,0,7,25831.3,25130.1
93.6,0,120.173,23.5001,5991.43,0.559397,-0.0634597,2.81929,90.0082,0,7,25814.4,25112.6
93.7,0,120.173,23.5001,5991.45,0.559386,-0.063473,2.81948,90.0083,0,7,25797.4,25095.2
93.8,0,120.173,23.5001,5991.48,0.559374,-0.0634862,2.81966,90.0083,0,7,25780.5,25077.7
93.9,0,120.173,23.5001,5991.5,0.559363,-0.0634993,2.81985,90.0084,0,7,25763.5,25060.3
94,0,120.173,23.5001,5991.52,0.559352,-0.0635123,2.82004,90.0085,0,7,25746.6,25042.9
94.1,0,120.173,23.5001,5991.54,0.559341,-0.0635253,2.82022,90.0086,0,7,25729.6,25025.4
94.2,0,120.174,23.5001,5991.56,0.559329,-0.0635383,2.8204,90.0087,0,7,25712.7,25008
94.3,0,120.174,23.5001,5991.58,0.559318,-0.0635512,2.82058,90.0088,0,7,25695.7,24990.5
94.4,0,120.174,23.5001,5991.6,0.559307,-0.063564,2.82076,90.0089,0,7,25678.8,24973.1
94.5,0,120.174,23.5001,5991.62,0.559296,-0.0635768,2.82094,90.009,0,7,25661.9,24955.7
94.6,0,120.174,23.5001,5991.64,0.559285,-0.0635895,2.82112,90.009,0,7,25644.9,24938.3
94.7,0,120.175,23.5001,5991.66,0.559274,-0.0636021,2.8213,90.0091,0,7,25628,24920.8
94.8,0,120.175,23.5001,5991.68,0.559263,-0.0636147,2.82147,90.0092,0,7,25611.1,24903.4
94.9,0,120.175,23.5001,5991.7,0.559252,-0.0636272,2.82165,90.0093,0,7,25594.2,24886
95,0,120.175,23.5001,5991.72,0.559241,-0.0636397,2.82182,90.0094,0,7,25577.2,24868.6
95.1,0,120.175,23.5001,5991.74,0.55923,-0.0636521,2.82199,90.0095,0,7,25560.3,24851.2
95.2,0,120.176,23.5001,5991.77,0.559219,-0.0636645,2.82216,90.0096,0,7,25543.4,24833.8
95.3,0,120.176,23.5001,5991.79,0.559208,-0.0636768,2.82233,90.0096,0,7,25526.5,24816.4
95.4,0,120.176,23.5001,5991.81,0.559197,-0.0636891,2.8225,90.0097,0,7,25509.6,24799
95.5,0,120.176,23.5001,5991.83,0.559186,-0.0637012,2.82266,90.0098,0,7,25492.7,24781.6
95.6,0,120.176,23.5001,5991.85,0.559175,-0.0637134,2.82283,90.0099,0,7,25475.8,24764.2
95.7,0,120.176,23.5001,5991.87,0.559164,-0.0637255,2.82299,90.01,0,7,25458.9,24746.8
95.8,0,120.177,23.5001,5991.89,0.559153,-0.0637375,2.82315,90.0101,0,7,25442,24729.4
95.9,0,120.177,23.5001,5991.91,0.559143,-0.0637494,2.82332,90.0102,0,7,25425.1,24712
96,0,120.177,23.5001,5991.93,0.559132,-0.0637613,2.82348,90.0102,0,7,25408.2,24694.6
96.1,0,120.177,23.5001,5991.95,0.559121,-0.0637732,2.82364,90.0103,0,7,25391.4,24677.2
96.2,0,120.177,23.5001,5991.97,0.55911,-0.063785,2.82379,90.0104,0,7,25374.5,24659.8
96.3,0,120.178,23.5001,5992,0.5591,-0.0637967,2.82395,90.0105,0,7,25357.6,24642.5
96.4,0,120.178,23.5001,5992.02,0.559089,-0.0638084,2.82411,90.0106,0,7,25340.7,24625.1
96.5,0,120.178,23.5001,5992.04,0.559078,-0.06382,2.82426,90.0107,0,7,25323.9,24607.7
96.6,0,120.178,23.5001,5992.06,0.559068,-0.0638316,2.82441,90.0108,0,7,25307,24590.3
96.7,0,120.178,23.5001,5992.08,0.559057,-0.0638431,2.82457,90.0108,0,7,25290.1,24573
96.8,0,120.179,23.5001,5992.1,0.559046,-0.0638546,2.82472,90.0109,0,7,25273.3,24555.6
96.9,0,120.179,23.5001,5992.12,0.559036,-0.063866,2.82487,90.011,0,7,25256.4,24538.3
97,0,120.179,23.5001,5992.14,0.559025,-0.0638773,2.82502,90.0111,0,7,25239.6,24520.9
97.1,0,120.179,23.5001,5992.16,0.559015,-0.0638886,2.82516,90.0112,0,7,25222.7,24503.5
97.2,0,120.179,23.5001,5992.19,0.559004,-0.0638999,2.82531,90.0113,0,7,25205.9,24486.2
97.3,0,120.179,23.5001,5992.21,0.558994,-0.0639111,2.82545,90.0113,0,7,25189,24468.8
97.4,0,120.18,23.5001,5992.23,0.558983,-0.0639222,2.8256,90.0114,0,7,25172.2,24451.5
97.5,0,120.18,23.5001,5992.25,0.558973,-0.0639332,2.82574,90.0115,0,7,25155.4,24434.1
97.6,0,120.18,23.5001,5992.27,0.558963,-0.0639443,2.82588,90.0116,0,7,25138.5,24416.8
97.7,0,120.18,23.5001,5992.29,0.558952,-0.0639552,2.82602,90.0117,0,7,25121.7,24399.5
97.8,0,120.18,23.5001,5992.31,0.558942,-0.0639661,2.82616,90.0118,0,7,25104.9,24382.1
97.9,0,120.181,23.5001,5992.33,0.558932,-0.063977,2.8263,90.0119,0,7,25088.1,24364.8
98,0,120.181,23.5001,5992.35,0.558921,-0.0639878,2.82644,90.0119,0,7,25071.2,24347.5
98.1,0,120.181,23.5001,5992.38,0.558911,-0.0639985,2.82657,90.012,0,7,25054.4,24330.1
98.2,0,120.181,23.5001,5992.4,0.558901,-0.0640092,2.82671,90.0121,0,7,25037.6,24312.8
98.3,0,120.181,23.5001,5992.42,0.558891,-0.0640198,2.82684,90.0122,0,7,25020.8,24295.5
98.4,0,120.181,23.5001,5992.44,0.55888,-0.0640304,2.82697,90.0123,0,7,25004,24278.2
98.5,0,120.182,23.5001,5992.46,0.55887,-0.0640409,2.8271,90.0124,0,7,24987.2,24260.8
98.6,0,120.182,23.5001,5992.48,0.55886,-0.0640514,2.82723,90.0124,0,7,24970.4,24243.5
98.7,0,120.182,23.5001,5992.5,0.55885,-0.0640618,2.82736,90.0125,0,7,24953.6,24226.2
98.8,0,120.182,23.5001,5992.52,0.55884,-0.0640721,2.82749,90.0126,0,7,24936.8,24208.9
98.9,0,120.182,23.5001,5992.55,0.55883,-0.0640824,2.82762,90.0127,0,7,24920,24191.6
99,0,120.183,23.5001,5992.57,0.55882,-0.0640927,2.82774,90.0128,0,7,24903.3,24174.3
99.1,0,120.183,23.5001,5992.59,0.558809,-0.0641029,2.82786,90.0129,0,7,24886.5,24157
99.2,0,120.183,23.5001,5992.61,0.558799,-0.064113,2.82799,90.0129,0,7,24869.7,24139.7
99.3,0,120.183,23.5001,5992.63,0.558789,-0.0641231,2.82811,90.013,0,7,24852.9,24122.4
99.4,0,120.183,23.5001,5992.65,0.558779,-0.0641331,2.82823,90.0131,0,7,24836.2,24105.1
99.5,0,120.184,23.5001,5992.67,0.55877,-0.064143,2.82835,90.0132,0,7,24819.4,24087.8
99.6,0,120.184,23.5001,5992.7,0.55876,-0.064153,2.82847,90.0133,0,7,24802.6,24070.5
99.7,0,120.184,23.5001,5992.72,0.55875,-0.0641628,2.82858,90.0134,0,7,24785.9,24053.3
99.8,0,120.184,23.5001,5992.74,0.55874,-0.0641726,2.8287,90.0134,0,7,24769.1,24036
99.9,0,120.184,23.5001,5992.76,0.55873,-0.0641824,2.82881,90.0135,0,7,24752.4,24018.7
100,0,120.184,23.5001,5992.78,0.55872,-0.064192,2.82892,90.0136,0,7,24735.6,24001.4
100.1,0,120.185,23.5001,5992.8,0.55871,-0.0642017,2.82904,90.0137,0,7,24718.9,23984.2
100.2,0,120.185,23.5001,5992.82,0.558701,-0.0642113,2.82915,90.0138,0,7,24702.1,23966.9
100.3,0,120.185,23.5001,5992.84,0.558691,-0.0642208,2.82926,90.0139,0,7,24685.4,23949.6
100.4,0,120.185,23.5001,5992.87,0.558681,-0.0642303,2.82936,90.0139,0,7,24668.7,23932.4
100.5,0,120.185,23.5001,5992.89,0.558671,-0.0642397,2.82947,90.014,0,7,24651.9,23915.1
100.6,0,120.186,23.5001,5992.91,0.558662,-0.064249,2.82958,90.0141,0,7,24635.2,23897.8
100.7,0,120.186,23.5001,5992.93,0.558652,-0.0642583,2.82968,90.0142,0,7,24618.5,23880.6
100.8,0,120.186,23.5001,5992.95,0.558642,-0.0642676,2.82978,90.0143,0,7,24601.8,23863.3
100.9,0,120.186,23.5001,5992.97,0.558633,-0.0642768,2.82988,90.0144,0,7,24585.1,23846.1
101,0,120.186,23.5001,5992.99,0.558623,-0.0642859,2.82998,90.0144,0,7,24568.3,23828.8
101.1,0,120.186,23.5001,5993.02,0.558614,-0.064295,2.83008,90.0145,0,7,24551.6,23811.6
101.2,0,120.187,23.5001,5993.04,0.558604,-0.0643041,2.83018,90.0146,0,7,24534.9,23794.4
101.3,0,120.187,23.5001,5993.06,0.558594,-0.064313,2.83028,90.0147,0,7,24518.2,23777.1
101.4,0,120.187,23.5001,5993.08,0.558585,-0.064322,2.83037,90.0148,0,7,24501.5,23759.9
101.5,0,120.187,23.5001,5993.1,0.558575,-0.0643308,2.83047,90.0148,0,7,24484.8,23742.7
101.6,0,120.187,23.5001,5993.12,0.558566,-0.0643396,2.83056,90.0149,0,7,24468.1,23725.4
101.7,0,120.188,23.5001,5993.14,0.558557,-0.0643484,2.83065,90.015,0,7,24451.5,23708.2
101.8,0,120.188,23.5001,5993.16,0.558547,-0.0643571,2.83074,90.0151,0,7,24434.8,23691
101.9,0,120.188,23.5001,5993.19,0.558538,-0.0643658,2.83083,90.0152,0,7,24418.1,23673.8
102,0,120.188,23.5001,5993.21,0.558528,-0.0643744,2.83092,90.0153,0,7,24401.4,23656.6
102.1,0,120.188,23.5001,5993.23,0.558519,-0.0643829,2.83101,90.0153,0,7,24384.7,23639.4
102.2,0,120.189,23.5001,5993.25,0.55851,-0.0643914,2.83109,90.0154,0,7,24368.1,23622.1
102.3,0,120.189,23.5001,5993.27,0.558501,-0.0643998,2.83118,90.0155,0,7,24351.4,23604.9
102.4,0,120.189,23.5001,5993.29,0.558491,-0.0644082,2.83126,90.0156,0,7,24334.7,23587.7
102.5,0,120.189,23.5001,5993.31,0.558482,-0.0644165,2.83134,90.0157,0,7,24318.1,23570.5
102.6,0,120.189,23.5001,5993.34,0.558473,-0.0644248,2.83142,90.0157,0,7,24301.4,23553.3
102.7,0,120.189,23.5001,5993.36,0.558464,-0.064433,2.8315,90.0158,0,7,24284.8,23536.1
102.8,0,120.19,23.5001,5993.38,0.558454,-0.0644412,2.83158,90.0159,0,7,24268.1,23519
102.9,0,120.19,23.5001,5993.4,0.558445,-0.0644493,2.83166,90.016,0,7,24251.5,23501.8
103,0,120.19,23.5001,5993.42,0.558436,-0.0644573,2.83173,90.0161,0,7,24234.9,23484.6
103.1,0,120.19,23.5001,5993.44,0.558427,-0.0644653,2.83181,90.0162,0,7,24218.2,23467.4
103.2,0,120.19,23.5001,5993.46,0.558418,-0.0644733,2.83188,90.0162,0,7,24201.6,23450.2
103.3,0,120.191,23.5001,5993.48,0.558409,-0.0644812,2.83196,90.0163,0,7,24185,23433
103.4,0,120.191,23.5001,5993.51,0.5584,-0.064489,2.83203,90.0164,0,7,24168.3,23415.9
103.5,0,120.191,23.5001,5993.53,0.558391,-0.0644968,2.8321,90.0165,0,7,24151.7,23398.7
103.6,0,120.191,23.5001,5993.55,0.558382,-0.0645045,2.83216,90.0166,0,7,24135.1,23381.5
103.7,0,120.191,23.5001,5993.57,0.558373,-0.0645122,2.83223,90.0166,0,7,24118.5,23364.4
103.8,0,120.192,23.5001,5993.59,0.558364,-0.0645198,2.8323,90.0167,0,7,24101.9,23347.2
103.9,0,120.192,23.5001,5993.61,0.558355,-0.0645274,2.83236,90.0168,0,7,24085.3,23330.1
104,0,120.192,23.5001,5993.63,0.558346,-0.0645349,2.83243,90.0169,0,7,24068.7,23312.9
104.1,0,120.192,23.5001,5993.65,0.558337,-0.0645424,2.83249,90.017,0,7,24052.1,23295.8
104.2,0,120.192,23.5001,5993.67,0.558328,-0.0645498,2.83255,90.017,0,7,24035.5,23278.6
104.3,0,120.192,23.5001,5993.7,0.55832,-0.0645572,2.83261,90.0171,0,7,24018.9,23261.5
104.4,0,120.193,23.5001,5993.72,0.558311,-0.0645645,2.83267,90.0172,0,7,24002.3,23244.3
104.5,0,120.193,23.5001,5993.74,0.558302,-0.0645717,2.83273,90.0173,0,7,23985.7,23227.2
104.6,0,120.193,23.5001,5993.76,0.558293,-0.064579,2.83279,90.0174,0,7,23969.1,23210
104.7,0,120.193,23.5001,5993.78,0.558285,-0.0645861,2.83284,90.0175,0,7,23952.6,23192.9
104.8,0,120.193,23.5001,5993.8,0.558276,-0.0645932,2.8329,90.0175,0,7,23936,23175.8
104.9,0,120.194,23.5001,5993.82,0.558267,-0.0646003,2.83295,90.0176,0,7,23919.4,23158.7
105,0,120.194,23.5001,5993.84,0.558259,-0.0646073,2.833,90.0177,0,7,23902.8,23141.5
105.1,0,120.194,23.5001,5993.86,0.55825,-0.0646142,2.83305,90.0178,0,7,23886.3,23124.4
105.2,0,120.194,23.5001,5993.89,0.558241,-0.0646211,2.83311,90.0179,0,7,23869.7,23107.3
105.3,0,120.194,23.5001,5993.91,0.558233,-0.0646279,2.83315,90.0179,0,7,23853.2,23090.2
105.4,0,120.194,23.5001,5993.93,0.558224,-0.0646347,2.8332,90.018,0,7,23836.6,23073.1
105.5,0,120.195,23.5001,5993.95,0.558216,-0.0646415,2.83325,90.0181,0,7,23820.1,23056
105.6,0,120.195,23.5001,5993.97,0.558207,-0.0646482,2.8333,90.0182,0,7,23803.5,23038.9
105.7,0,120.195,23.5001,5993.99,0.558199,-0.0646548,2.83334,90.0183,0,7,23787,23021.8
105.8,0,120.195,23.5001,5994.01,0.55819,-0.0646614,2.83338,90.0183,0,7,23770.5,23004.7
105.9,0,120.195,23.5001,5994.03,0.558182,-0.0646679,2.83343,90.0184,0,7,23753.9,22987.6
106,0,120.196,23.5001,5994.05,0.558173,-0.0646744,2.83347,90.0185,0,7,23737.4,22970.5
106.1,0,120.196,23.5001,5994.07,0.558165,-0.0646809,2.83351,90.0186,0,7,23720.9,22953.4
106.2,0,120.196,23.5001,5994.1,0.558156,-0.0646873,2.83355,90.0187,0,7,23704.4,22936.3
106.3,0,120.196,23.5001,5994.12,0.558148,-0.0646936,2.83359,90.0187,0,7,23687.9,22919.2
106.4,0,120.196,23.5001,5994.14,0.55814,-0.0646999,2.83363,90.0188,0,7,23671.4,22902.2
106.5,0,120.197,23.5001,5994.16,0.558131,-0.0647061,2.83366,90.0189,0,7,23654.8,22885.1
106.6,0,120.197,23.5001,5994.18,0.558123,-0.0647123,2.8337,90.019,0,7,23638.3,22868
106.7,0,120.197,23.5001,5994.2,0.558115,-0.0647185,2.83373,90.0191,0,7,23621.8,22850.9
106.8,0,120.197,23.5001,5994.22,0.558107,-0.0647246,2.83377,90.0191,0,7,23605.4,22833.9
106.9,0,120.197,23.5001,5994.24,0.558098,-0.0647306,2.8338,90.0192,0,7,23588.9,22816.8
107,0,120.197,23.5001,5994.26,0.55809,-0.0647366,2.83383,90.0193,0,7,23572.4,22799.8
107.1,0,120.198,23.5001,5994.28,0.558082,-0.0647426,2.83386,90.0194,0,7,23555.9,22782.7
107.2,0,120.198,23.5001,5994.3,0.558074,-0.0647485,2.83389,90.0195,0,7,23539.4,22765.7
107.3,0,120.198,23.5001,5994.32,0.558066,-0.0647544,2.83392,90.0195,0,7,23522.9,22748.6
107.4,0,120.198,23.5001,5994.35,0.558058,-0.0647602,2.83395,90.0196,0,7,23506.5,22731.6
107.5,0,120.198,23.5001,5994.37,0.55805,-0.0647659,2.83397,90.0197,0,7,23490,22714.5
107.6,0,120.199,23.5001,5994.39,0.558041,-0.0647716,2.834,90.0198,0,7,23473.5,22697.5
107.7,0,120.199,23.5001,5994.41,0.558033,-0.0647773,2.83403,90.0199,0,7,23457.1,22680.4
107.8,0,120.199,23.5001,5994.43,0.558025,-0.0647829,2.83405,90.0199,0,7,23440.6,22663.4
107.9,0,120.199,23.5001,5994.45,0.558017,-0.0647885,2.83407,90.02,0,7,23424.2,22646.4
108,0,120.199,23.5001,5994.47,0.558009,-0.0647941,2.8341,90.0201,0,7,23407.7,22629.4
108.1,0,120.199,23.5001,5994.49,0.558001,-0.0647995,2.83412,90.0202,0,7,23391.3,22612.3
108.2,0,120.2,23.5001,5994.51,0.557994,-0.064805,2.83414,90.0203,0,7,23374.9,22595.3
108.3,0,120.2,23.5001,5994.53,0.557986,-0.0648104,2.83416,90.0203,0,7,23358.4,22578.3
108.4,0,120.2,23.5001,5994.55,0.557978,-0.0648157,2.83418,90.0204,0,7,23342,22561.3
108.5,0,120.2,23.5001,5994.57,0.55797,-0.064821,2.83419,90.0205,0,7,23325.6,22544.3
108.6,0,120.2,23.5001,5994.59,0.557962,-0.0648263,2.83421,90.0206,0,7,23309.1,22527.3
108.7,0,120.201,23.5001,5994.61,0.557954,-0.0648315,2.83423,90.0207,0,7,23292.7,22510.3
108.8,0,120.201,23.5001,5994.63,0.557946,-0.0648367,2.83424,90.0207,0,7,23276.3,22493.3
108.9,0,120.201,23.5001,5994.65,0.557939,-0.0648418,2.83426,90.0208,0,7,23259.9,22476.3
109,0,120.201,23.5001,5994.67,0.557931,-0.0648469,2.83427,90.0209,0,7,23243.5,22459.3
109.1,0,120.201,23.5001,5994.69,0.557923,-0.064852,2.83429,90.021,0,7,23227.1,22442.3
109.2,0,120.202,23.5001,5994.71,0.557915,-0.064857,2.8343,90.021,0,7,23210.7,22425.3
109.3,0,120.202,23.5001,5994.73,0.557908,-0.0648619,2.83431,90.0211,0,7,23194.3,22408.3
109.4,0,120.202,23.5001,5994.75,0.5579,-0.0648668,2.83432,90.0212,0,7,23177.9,22391.4
109.5,0,120.202,23.5001,5994.77,0.557892,-0.0648717,2.83433,90.0213,0,7,23161.5,22374.4
109.6,0,120.202,23.5001,5994.79,0.557885,-0.0648765,2.83434,90.0214,0,7,23145.1,22357.4
109.7,0,120.202,23.5001,5994.81,0.557877,-0.0648813,2.83435,90.0214,0,7,23128.8,22340.4
109.8,0,120.203,23.5001,5994.84,0.55787,-0.0648861,2.83436,90.0215,0,7,23112.4,22323.5
109.9,0,120.203,23.5001,5994.86,0.557862,-0.0648908,2.83436,90.0216,0,7,23096,22306.5
110,0,120.203,23.5001,5994.88,0.557855,-0.0648955,2.83437,90.0217,0,7,23079.7,22289.6
110.1,0,120.203,23.5001,5994.9,0.557847,-0.0649001,2.83438,90.0218,0,7,23063.3,22272.6
110.2,0,120.203,23.5001,5994.92,0.55784,-0.0649047,2.83438,90.0218,0,7,23047,22255.7
110.3,0,120.204,23.5001,5994.94,0.557832,-0.0649092,2.83438,90.0219,0,7,23030.6,22238.7
110.4,0,120.204,23.5001,5994.96,0.557825,-0.0649137,2.83439,90.022,0,7,23014.3,22221.8
110.5,0,120.204,23.5001,5994.98,0.557817,-0.0649182,2.83439,90.0221,0,7,22997.9,22204.8
110.6,0,120.204,23.5001,5995,0.55781,-0.0649226,2.83439,90.0222,0,7,22981.6,22187.9
110.7,0,120.204,23.5001,5995.02,0.557803,-0.064927,2.83439,90.0222,0,7,22965.2,22171
110.8,0,120.204,23.5001,5995.04,0.557795,-0.0649314,2.8344,90.0223,0,7,22948.9,22154
110.9,0,120.205,23.5001,5995.06,0.557788,-0.0649357,2.8344,90.0224,0,7,22932.6,22137.1
111,0,120.205,23.5001,5995.07,0.557781,-0.06494,2.8344,90.0225,0,7,22916.3,22120.2
111.1,0,120.205,23.5001,5995.09,0.557773,-0.0649442,2.83439,90.0225,0,7,22899.9,22103.3
111.2,0,120.205,23.5001,5995.11,0.557766,-0.0649484,2.83439,90.0226,0,7,22883.6,22086.4
111.3,0,120.205,23.5001,5995.13,0.557759,-0.0649526,2.83439,90.0227,0,7,22867.3,22069.4
111.4,0,120.206,23.5001,5995.15,0.557752,-0.0649567,2.83439,90.0228,0,7,22851,22052.5
111.5,0,120.206,23.5001,5995.17,0.557744,-0.0649608,2.83438,90.0229,0,7,22834.7,22035.6
111.6,0,120.206,23.5001,5995.19,0.557737,-0.0649648,2.83438,90.0229,0,7,22818.4,22018.7
111.7,0,120.206,23.5001,5995.21,0.55773,-0.0649689,2.83437,90.023,0,7,22802.1,22001.8
111.8,0,120.206,23.5001,5995.23,0.557723,-0.0649728,2.83437,90.0231,0,7,22785.8,21984.9
111.9,0,120.207,23.5001,5995.25,0.557716,-0.0649768,2.83436,90.0232,0,7,22769.6,21968
112,0,120.207,23.5001,5995.27,0.557709,-0.0649807,2.83436,90.0233,0,7,22753.3,21951.2
112.1,0,120.207,23.5001,5995.29,0.557702,-0.0649846,2.83435,90.0233,0,7,22737,21934.3
112.2,0,120.207,23.5001,5995.31,0.557695,-0.0649884,2.83434,90.0234,0,7,22720.7,21917.4
112.3,0,120.207,23.5001,5995.33,0.557688,-0.0649922,2.83433,90.0235,0,7,22704.5,21900.5
112.4,0,120.207,23.5001,5995.35,0.557681,-0.064996,2.83432,90.0236,0,7,22688.2,21883.7
112.5,0,120.208,23.5001,5995.37,0.557674,-0.0649997,2.83431,90.0236,0,7,22671.9,21866.8
112.6,0,120.208,23.5001,5995.39,0.557667,-0.0650034,2.8343,90.0237,0,7,22655.7,21849.9
112.7,0,120.208,23.5001,5995.41,0.55766,-0.0650071,2.83429,90.0238,0,7,22639.4,21833.1
112.8,0,120.208,23.5001,5995.43,0.557653,-0.0650107,2.83428,90.0239,0,7,22623.2,21816.2
112.9,0,120.208,23.5001,5995.45,0.557646,-0.0650143,2.83427,90.024,0,7,22607,21799.3
113,0,120.209,23.5001,5995.47,0.557639,-0.0650179,2.83426,90.024,0,7,22590.7,21782.5
113.1,0,120.209,23.5001,5995.49,0.557632,-0.0650214,2.83424,90.0241,0,7,22574.5,21765.7
113.2,0,120.209,23.5001,5995.5,0.557625,-0.065025,2.83423,90.0242,0,7,22558.3,21748.8
113.3,0,120.209,23.5001,5995.52,0.557619,-0.0650284,2.83422,90.0243,0,7,22542,21732
113.4,0,120.209,23.5001,5995.54,0.557612,-0.0650319,2.8342,90.0244,0,7,22525.8,21715.1
113.5,0,120.21,23.5001,5995.56,0.557605,-0.0650353,2.83419,90.0244,0,7,22509.6,21698.3
113.6,0,120.21,23.5001,5995.58,0.557598,-0.0650387,2.83417,90.0245,0,7,22493.4,21681.5
113.7,0,120.21,23.5001,5995.6,0.557592,-0.065042,2.83416,90.0246,0,7,22477.2,21664.7
113.8,0,120.21,23.5001,5995.62,0.557585,-0.0650453,2.83414,90.0247,0,7,22461,21647.8
113.9,0,120.21,23.5001,5995.64,0.557578,-0.0650486,2.83412,90.0247,0,7,22444.8,21631
114,0,120.21,23.5001,5995.66,0.557572,-0.0650519,2.83411,90.0248,0,7,22428.6,21614.2
114.1,0,120.211,23.5001,5995.68,0.557565,-0.0650551,2.83409,90.0249,0,7,22412.4,21597.4
114.2,0,120.211,23.5001,5995.69,0.557558,-0.0650583,2.83407,90.025,0,7,22396.3,21580.6
114.3,0,120.211,23.5001,5995.71,0.557552,-0.0650615,2.83405,90.0251,0,7,22380.1,21563.8
114.4,0,120.211,23.5001,5995.73,0.557545,-0.0650646,2.83403,90.0251,0,7,22363.9,21547
114.5,0,120.211,23.5001,5995.75,0.557539,-0.0650677,2.83401,90.0252,0,7,22347.7,21530.2
114.6,0,120.212,23.5001,5995.77,0.557532,-0.0650708,2.83399,90.0253,0,7,22331.6,21513.4
114.7,0,120.212,23.5001,5995.79,0.557526,-0.0650739,2.83397,90.0254,0,7,22315.4,21496.6
114.8,0,120.212,23.5001,5995.81,0.557519,-0.0650769,2.83395,90.0254,0,7,22299.3,21479.8
114.9,0,120.212,23.5001,5995.83,0.557513,-0.0650799,2.83393,90.0255,0,7,22283.1,21463.1
115,0,120.212,23.5001,5995.85,0.557506,-0.0650829,2.83391,90.0256,0,7,22267,21446.3
115.1,0,120.212,23.5001,5995.86,0.5575,-0.0650858,2.83388,90.0257,0,7,22250.8,21429.5
115.2,0,120.213,23.5001,5995.88,0.557493,-0.0650888,2.83386,90.0258,0,7,22234.7,21412.7
115.3,0,120.213,23.5001,5995.9,0.557487,-0.0650917,2.83384,90.0258,0,7,22218.6,21396
115.4,0,120.213,23.5001,5995.92,0.557481,-0.0650945,2.83381,90.0259,0,7,22202.4,21379.2
115.5,0,120.213,23.5001,5995.94,0.557474,-0.0650974,2.83379,90.026,0,7,22186.3,21362.5
115.6,0,120.213,23.5001,5995.96,0.557468,-0.0651002,2.83377,90.0261,0,7,22170.2,21345.7
115.7,0,120.214,23.5001,5995.98,0.557462,-0.065103,2.83374,90.0261,0,7,22154.1,21329
115.8,0,120.214,23.5001,5995.99,0.557455,-0.0651057,2.83372,90.0262,0,7,22138,21312.2
115.9,0,120.214,23.5001,5996.01,0.557449,-0.0651085,2.83369,90.0263,0,7,22121.9,21295.5
116,0,120.214,23.5001,5996.03,0.557443,-0.0651112,2.83366,90.0264,0,7,22105.8,21278.7
116.1,0,120.214,23.5001,5996.05,0.557437,-0.0651139,2.83364,90.0265,0,7,22089.7,21262
116.2,0,120.215,23.5001,5996.07,0.55743,-0.0651165,2.83361,90.0265,0,7,22073.6,21245.3
116.3,0,120.215,23.5001,5996.09,0.557424,-0.0651192,2.83358,90.0266,0,7,22057.5,21228.6
116.4,0,120.215,23.5001,5996.1,0.557418,-0.0651218,2.83356,90.0267,0,7,22041.4,21211.8
116.5,0,120.215,23.5001,5996.12,0.557412,-0.0651244,2.83353,90.0268,0,7,22025.3,21195.1
116.6,0,120.215,23.5001,5996.14,0.557406,-0.0651269,2.8335,90.0268,0,7,22009.3,21178.4
116.7,0,120.215,23.5001,5996.16,0.5574,-0.0651295,2.83347,90.0269,0,7,21993.2,21161.7
116.8,0,120.216,23.5001,5996.18,0.557394,-0.065132,2.83344,90.027,0,7,21977.1,21145
116.9,0,120.216,23.5001,5996.19,0.557387,-0.0651345,2.83341,90.0271,0,7,21961.1,21128.3
117,0,120.216,23.5001,5996.21,0.557381,-0.065137,2.83338,90.0272,0,7,21945,21111.6
117.1,0,120.216,23.5001,5996.23,0.557375,-0.0651394,2.83335,90.0272,0,7,21929,21094.9
117.2,0,120.216,23.5001,5996.25,0.557369,-0.0651418,2.83332,90.0273,0,7,21913,21078.2
117.3,0,120.217,23.5001,5996.27,0.557363,-0.0651442,2.83329,90.0274,0,7,21896.9,21061.5
117.4,0,120.217,23.5001,5996.28,0.557357,-0.0651466,2.83326,90.0275,0,7,21880.9,21044.8
117.5,0,120.217,23.5001,5996.3,0.557352,-0.065149,2.83322,90.0275,0,7,21864.9,21028.2
117.6,0,120.217,23.5001,5996.32,0.557346,-0.0651513,2.83319,90.0276,0,7,21848.8,21011.5
117.7,0,120.217,23.5001,5996.34,0.55734,-0.0651536,2.83316,90.0277,0,7,21832.8,20994.8
117.8,0,120.217,23.5001,5996.36,0.557334,-0.0651559,2.83313,90.0278,0,7,21816.8,20978.2
117.9,0,120.218,23.5001,5996.37,0.557328,-0.0651582,2.83309,90.0279,0,7,21800.8,20961.5
118,0,120.218,23.5001,5996.39,0.557322,-0.0651605,2.83306,90.0279,0,7,21784.8,20944.8
118.1,0,120.218,23.5001,5996.41,0.557316,-0.0651627,2.83303,90.028,0,7,21768.8,20928.2
118.2,0,120.218,23.5001,5996.43,0.55731,-0.0651649,2.83299,90.0281,0,7,21752.8,20911.5
118.3,0,120.218,23.5001,5996.44,0.557305,-0.0651671,2.83296,90.0282,0,7,21736.8,20894.9
118.4,0,120.219,23.5001,5996.46,0.557299,-0.0651693,2.83292,90.0282,0,7,21720.8,20878.3
118.5,0,120.219,23.5001,5996.48,0.557293,-0.0651715,2.83289,90.0283,0,7,21704.8,20861.6
118.6,0,120.219,23.5001,5996.5,0.557287,-0.0651736,2.83285,90.0284,0,7,21688.9,20845
118.7,0,120.219,23.5001,5996.51,0.557282,-0.0651757,2.83281,90.0285,0,7,21672.9,20828.4
118.8,0,120.219,23.5001,5996.53,0.557276,-0.0651778,2.83278,90.0285,0,7,21656.9,20811.7
118.9,0,120.22,23.5001,5996.55,0.55727,-0.0651799,2.83274,90.0286,0,7,21641,20795.1
119,0,120.22,23.5001,5996.57,0.557265,-0.0651819,2.8327,90.0287,0,7,21625,20778.5
119.1,0,120.22,23.5001,5996.58,0.557259,-0.065184,2.83267,90.0288,0,7,21609.1,20761.9
119.2,0,120.22,23.5001,5996.6,0.557254,-0.065186,2.83263,90.0289,0,7,21593.1,20745.3
119.3,0,120.22,23.5001,5996.62,0.557248,-0.065188,2.83259,90.0289,0,7,21577.2,20728.7
119.4,0,120.22,23.5001,5996.64,0.557242,-0.06519,2.83255,90.029,0,7,21561.3,20712.1
119.5,0,120.221,23.5001,5996.65,0.557237,-0.065192,2.83251,90.0291,0,7,21545.3,20695.5
119.6,0,120.221,23.5001,5996.67,0.557231,-0.0651939,2.83247,90.0292,0,7,21529.4,20678.9
119.7,0,120.221,23.5001,5996.69,0.557226,-0.0651958,2.83244,90.0292,0,7,21513.5,20662.3
119.8,0,120.221,23.5001,5996.7,0.55722,-0.0651978,2.8324,90.0293,0,7,21497.6,20645.7
119.9,0,120.221,23.5001,5996.72,0.557215,-0.0651997,2.83236,90.0294,0,7,21481.7,20629.2
120,0,120.222,23.5001,5996.74,0.557209,-0.0652015,2.83232,90.0295,0,7,21465.8,20612.6
120.1,0,120.222,23.5001,5996.76,0.557204,-0.0652034,2.83227,90.0296,0,7,21449.9,20596
120.2,0,120.222,23.5001,5996.77,0.557199,-0.0652052,2.83223,90.0296,0,7,21434,20579.4
120.3,0,120.222,23.5001,5996.79,0.557193,-0.0652071,2.83219,90.0297,0,7,21418.1,20562.9
120.4,0,120.222,23.5001,5996.81,0.557188,-0.0652089,2.83215,90.0298,0,7,21402.2,20546.3
120.5,0,120.222,23.5001,5996.82,0.557182,-0.0652107,2.83211,90.0299,0,7,21386.3,20529.8
120.6,0,120.223,23.5001,5996.84,0.557177,-0.0652125,2.83207,90.0299,0,7,21370.4,20513.2
120.7,0,120.223,23.5001,5996.86,0.557172,-0.0652142,2.83202,90.03,0,7,21354.6,20496.7
120.8,0,120.223,23.5001,5996.87,0.557166,-0.065216,2.83198,90.0301,0,7,21338.7,20480.1
120.9,0,120.223,23.5001,5996.89,0.557161,-0.0652177,2.83194,90.0302,0,7,21322.9,20463.6
121,0,120.223,23.5001,5996.91,0.557156,-0.0652194,2.8319,90.0302,0,7,21307,20447.1
121.1,0,120.224,23.5001,5996.92,0.557151,-0.0652211,2.83185,90.0303,0,7,21291.2,20430.6
121.2,0,120.224,23.5001,5996.94,0.557145,-0.0652228,2.83181,90.0304,0,7,21275.3,20414
121.3,0,120.224,23.5001,5996.96,0.55714,-0.0652245,2.83176,90.0305,0,7,21259.5,20397.5
121.4,0,120.224,23.5001,5996.97,0.557135,-0.0652262,2.83172,90.0306,0,7,21243.6,20381
121.5,0,120.224,23.5001,5996.99,0.55713,-0.0652278,2.83168,90.0306,0,7,21227.8,20364.5
121.6,0,120.225,23.5001,5997.01,0.557125,-0.0652294,2.83163,90.0307,0,7,21212,20348
121.7,0,120.225,23.5001,5997.02,0.55712,-0.0652311,2.83159,90.0308,0,7,21196.2,20331.5
121.8,0,120.225,23.5001,5997.04,0.557114,-0.0652327,2.83154,90.0309,0,7,21180.4,20315
121.9,0,120.225,23.5001,5997.06,0.557109,-0.0652343,2.83149,90.0309,0,7,21164.6,20298.5
122,0,120.225,23.5001,5997.07,0.557104,-0.0652358,2.83145,90.031,0,7,21148.8,20282
122.1,0,120.225,23.5001,5997.09,0.557099,-0.0652374,2.8314,90.0311,0,7,21133,20265.5
122.2,0,120.226,23.5001,5997.1,0.557094,-0.0652389,2.83136,90.0312,0,7,21117.2,20249.1
122.3,0,120.226,23.5001,5997.12,0.557089,-0.0652405,2.83131,90.0312,0,7,21101.4,20232.6
122.4,0,120.226,23.5001,5997.14,0.557084,-0.065242,2.83126,90.0313,0,7,21085.6,20216.1
122.5,0,120.226,23.5001,5997.15,0.557079,-0.0652435,2.83121,90.0314,0,7,21069.8,20199.6
122.6,0,120.226,23.5001,5997.17,0.557074,-0.065245,2.83117,90.0315,0,7,21054.1,20183.2
122.7,0,120.227,23.5001,5997.19,0.557069,-0.0652465,2.83112,90.0316,0,7,21038.3,20166.7
122.8,0,120.227,23.5001,5997.2,0.557064,-0.0652479,2.83107,90.0316,0,7,21022.6,20150.3
122.9,0,120.227,23.5001,5997.22,0.557059,-0.0652494,2.83102,90.0317,0,7,21006.8,20133.8
123,0,120.227,23.5001,5997.23,0.557054,-0.0652508,2.83097,90.0318,0,7,20991.1,20117.4
123.1,0,120.227,23.5001,5997.25,0.55705,-0.0652523,2.83092,90.0319,0,7,20975.3,20101
123.2,0,120.227,23.5001,5997.27,0.557045,-0.0652537,2.83088,90.0319,0,7,20959.6,20084.5
123.3,0,120.228,23.5001,5997.28,0.55704,-0.0652551,2.83083,90.032,0,7,20943.8,20068.1
123.4,0,120.228,23.5001,5997.3,0.557035,-0.0652565,2.83078,90.0321,0,7,20928.1,20051.7
123.5,0,120.228,23.5001,5997.31,0.55703,-0.0652579,2.83073,90.0322,0,7,20912.4,20035.3
123.6,0,120.228,23.5001,5997.33,0.557025,-0.0652593,2.83068,90.0322,0,7,20896.7,20018.8
123.7,0,120.228,23.5001,5997.35,0.557021,-0.0652606,2.83063,90.0323,0,7,20881,20002.4
123.8,0,120.229,23.5001,5997.36,0.557016,-0.065262,2.83058,90.0324,0,7,20865.3,19986
123.9,0,120.229,23.5001,5997.38,0.557011,-0.0652633,2.83053,90.0325,0,7,20849.6,19969.6
124,0,120.229,23.5001,5997.39,0.557006,-0.0652646,2.83047,90.0326,0,7,20833.9,19953.2
124.1,0,120.229,23.5001,5997.41,0.557002,-0.065266,2.83042,90.0326,0,7,20818.2,19936.8
124.2,0,120.229,23.5001,5997.42,0.556997,-0.0652673,2.83037,90.0327,0,7,20802.5,19920.4
124.3,0,120.23,23.5001,5997.44,0.556992,-0.0652686,2.83032,90.0328,0,7,20786.8,19904.1
124.4,0,120.23,23.5001,5997.46,0.556988,-0.0652698,2.83027,90.0329,0,7,20771.2,19887.7
124.5,0,120.23,23.5001,5997.47,0.556983,-0.0652711,2.83022,90.0329,0,7,20755.5,19871.3
124.6,0,120.23,23.5001,5997.49,0.556978,-0.0652724,2.83016,90.033,0,7,20739.8,19854.9
124.7,0,120.23,23.5001,5997.5,0.556974,-0.0652736,2.83011,90.0331,0,7,20724.2,19838.6
124.8,0,120.23,23.5001,5997.52,0.556969,-0.0652749,2.83006,90.0332,0,7,20708.5,19822.2
124.9,0,120.231,23.5001,5997.53,0.556965,-0.0652761,2.83001,90.0332,0,7,20692.9,19805.9
125,0,120.231,23.5001,5997.55,0.55696,-0.0652773,2.82995,90.0333,0,7,20677.3,19789.5
125.1,0,120.231,23.5,5997.56,0.556956,-0.0652785,2.8299,90.0334,0,7,20661.6,19773.2
125.2,0,120.231,23.5,5997.58,0.556951,-0.0652798,2.82984,90.0335,0,7,20646,19756.8
125.3,0,120.231,23.5,5997.59,0.556947,-0.0652809,2.82979,90.0335,0,7,20630.4,19740.5
125.4,0,120.232,23.5,5997.61,0.556942,-0.0652821,2.82974,90.0336,0,7,20614.8,19724.2
125.5,0,120.232,23.5,5997.62,0.556938,-0.0652833,2.82968,90.0337,0,7,20599.2,19707.8
125.6,0,120.232,23.5,5997.64,0.556933,-0.0652845,2.82963,90.0338,0,7,20583.6,19691.5
125.7,0,120.232,23.5,5997.65,0.556929,-0.0652856,2.82957,90.0339,0,7,20568,19675.2
125.8,0,120.232,23.5,5997.67,0.556924,-0.0652868,2.82952,90.0339,0,7,20552.4,19658.9
125.9,0,120.232,23.5,5997.68,0.55692,-0.0652879,2.82946,90.034,0,7,20536.8,19642.6
126,0,120.233,23.5,5997.7,0.556916,-0.0652891,2.82941,90.0341,0,7,20521.2,19626.3
126.1,0,120.233,23.5,5997.71,0.556911,-0.0652902,2.82935,90.0342,0,7,20505.6,19610
126.2,0,120.233,23.5,5997.73,0.556907,-0.0652913,2.8293,90.0342,0,7,20490.1,19593.7
126.3,0,120.233,23.5,5997.74,0.556903,-0.0652924,2.82924,90.0343,0,7,20474.5,19577.4
126.4,0,120.233,23.5,5997.76,0.556898,-0.0652935,2.82919,90.0344,0,7,20458.9,19561.1
126.5,0,120.234,23.5,5997.77,0.556894,-0.0652946,2.82913,90.0345,0,7,20443.4,19544.9
126.6,0,120.234,23.5,5997.79,0.55689,-0.0652957,2.82907,90.0345,0,7,20427.8,19528.6
126.7,0,120.234,23.5,5997.8,0.556885,-0.0652967,2.82902,90.0346,0,7,20412.3,19512.3
126.8,0,120.234,23.5,5997.82,0.556881,-0.0652978,2.82896,90.0347,0,7,20396.8,19496.1
126.9,0,120.234,23.5,5997.83,0.556877,-0.0652989,2.8289,90.0348,0,7,20381.2,19479.8
127,0,120.235,23.5,5997.85,0.556873,-0.0652999,2.82885,90.0348,0,7,20365.7,19463.6
127.1,0,120.235,23.5,5997.86,0.556869,-0.065301,2.82879,90.0349,0,7,20350.2,19447.3
127.2,0,120.235,23.5,5997.88,0.556864,-0.065302,2.82873,90.035,0,7,20334.7,19431.1
127.3,0,120.235,23.5,5997.89,0.55686,-0.065303,2.82867,90.0351,0,7,20319.2,19414.8
127.4,0,120.235,23.5,5997.91,0.556856,-0.065304,2.82862,90.0352,0,7,20303.7,19398.6
127.5,0,120.235,23.5,5997.92,0.556852,-0.0653051,2.82856,90.0352,0,7,20288.2,19382.4
127.6,0,120.236,23.5,5997.93,0.556848,-0.0653061,2.8285,90.0353,0,7,20272.7,19366.1
127.7,0,120.236,23.5,5997.95,0.556844,-0.0653071,2.82844,90.0354,0,7,20257.2,19349.9
127.8,0,120.236,23.5,5997.96,0.55684,-0.0653081,2.82838,90.0355,0,7,20241.7,19333.7
127.9,0,120.236,23.5,5997.98,0.556836,-0.065309,2.82833,90.0355,0,7,20226.3,19317.5
128,0,120.236,23.5,5997.99,0.556832,-0.06531,2.82827,90.0356,0,7,20210.8,19301.3
128.1,0,120.237,23.5,5998.01,0.556827,-0.065311,2.82821,90.0357,0,7,20195.4,19285.1
128.2,0,120.237,23.5,5998.02,0.556823,-0.065312,2.82815,90.0358,0,7,20179.9,19268.9
128.3,0,120.237,23.5,5998.03,0.556819,-0.0653129,2.82809,90.0358,0,7,20164.5,19252.7
128.4,0,120.237,23.5,5998.05,0.556815,-0.0653139,2.82803,90.0359,0,7,20149,19236.6
128.5,0,120.237,23.5,5998.06,0.556812,-0.0653148,2.82797,90.036,0,7,20133.6,19220.4
128.6,0,120.237,23.5,5998.08,0.556808,-0.0653158,2.82791,90.0361,0,7,20118.2,19204.2
128.7,0,120.238,23.5,5998.09,0.556804,-0.0653167,2.82785,90.0361,0,7,20102.7,19188
128.8,0,120.238,23.5,5998.11,0.5568,-0.0653176,2.82779,90.0362,0,7,20087.3,19171.9
128.9,0,120.238,23.5,5998.12,0.556796,-0.0653186,2.82773,90.0363,0,7,20071.9,19155.7
129,0,120.238,23.5,5998.13,0.556792,-0.0653195,2.82767,90.0364,0,7,20056.5,19139.6
129.1,0,120.238,23.5,5998.15,0.556788,-0.0653204,2.82761,90.0364,0,7,20041.1,19123.4
129.2,0,120.239,23.5,5998.16,0.556784,-0.0653213,2.82755,90.0365,0,7,20025.7,19107.3
129.3,0,120.239,23.5,5998.18,0.55678,-0.0653222,2.82749,90.0366,0,7,20010.3,19091.2
129.4,0,120.239,23.5,5998.19,0.556777,-0.0653231,2.82743,90.0367,0,7,19995,19075
129.5,0,120.239,23.5,5998.2,0.556773,-0.065324,2.82737,90.0368,0,7,19979.6,19058.9
129.6,0,120.239,23.5,5998.22,0.556769,-0.0653249,2.82731,90.0368,0,7,19964.2,19042.8
129.7,0,120.24,23.5,5998.23,0.556765,-0.0653257,2.82725,90.0369,0,7,19948.9,19026.7
129.8,0,120.24,23.5,5998.24,0.556761,-0.0653266,2.82719,90.037,0,7,19933.5,19010.6
129.9,0,120.24,23.5,5998.26,0.556758,-0.0653275,2.82712,90.0371,0,7,19918.2,18994.5
130,0,120.24,23.5,5998.27,0.556754,-0.0653284,2.82706,90.0371,0,7,19902.8,18978.4
130.1,0,120.24,23.5,5998.28,0.55675,-0.0653292,2.827,90.0372,0,7,19887.5,18962.3
130.2,0,120.24,23.5,5998.3,0.556747,-0.0653301,2.82694,90.0373,0,7,19872.2,18946.2
130.3,0,120.241,23.5,5998.31,0.556743,-0.0653309,2.82688,90.0374,0,7,19856.8,18930.1
130.4,0,120.241,23.5,5998.33,0.556739,-0.0653318,2.82682,90.0374,0,7,19841.5,18914
130.5,0,120.241,23.5,5998.34,0.556735,-0.0653326,2.82675,90.0375,0,7,19826.2,18898
130.6,0,120.241,23.5,5998.35,0.556732,-0.0653334,2.82669,90.0376,0,7,19810.9,18881.9
130.7,0,120.241,23.5,5998.37,0.556728,-0.0653343,2.82663,90.0377,0,7,19795.6,18865.8
130.8,0,120.242,23.5,5998.38,0.556725,-0.0653351,2.82657,90.0377,0,7,19780.3,18849.8
130.9,0,120.242,23.5,5998.39,0.556721,-0.0653359,2.8265,90.0378,0,7,19765,18833.7
131,0,120.242,23.5,5998.41,0.556717,-0.0653367,2.82644,90.0379,0,7,19749.8,18817.7
131.1,0,120.242,23.5,5998.42,0.556714,-0.0653376,2.82638,90.038,0,7,19734.5,18801.6
131.2,0,120.242,23.5,5998.43,0.55671,-0.0653384,2.82632,90.038,0,7,19719.2,18785.6
131.3,0,120.242,23.5,5998.45,0.556707,-0.0653392,2.82625,90.0381,0,7,19704,18769.6
131.4,0,120.243,23.5,5998.46,0.556703,-0.06534,2.82619,90.0382,0,7,19688.7,18753.6
131.5,0,120.243,23.5,5998.47,0.5567,-0.0653408,2.82613,90.0383,0,7,19673.5,18737.5
131.6,0,120.243,23.5,5998.48,0.556696,-0.0653416,2.82606,90.0384,0,7,19658.2,18721.5
131.7,0,120.243,23.5,5998.5,0.556693,-0.0653424,2.826,90.0384,0,7,19643,18705.5
131.8,0,120.243,23.5,5998.51,0.556689,-0.0653431,2.82594,90.0385,0,7,19627.8,18689.5
131.9,0,120.244,23.5,5998.52,0.556686,-0.0653439,2.82587,90.0386,0,7,19612.5,18673.5
132,0,120.244,23.5,5998.54,0.556683,-0.0653447,2.82581,90.0387,0,7,19597.3,18657.5
132.1,0,120.244,23.5,5998.55,0.556679,-0.0653455,2.82575,90.0387,0,7,19582.1,18641.6
132.2,0,120.244,23.5,5998.56,0.556676,-0.0653463,2.82568,90.0388,0,7,19566.9,18625.6
132.3,0,120.244,23.5,5998.58,0.556672,-0.065347,2.82562,90.0389,0,7,19551.7,18609.6
132.4,0,120.245,23.5,5998.59,0.556669,-0.0653478,2.82555,90.039,0,7,19536.5,18593.7
132.5,0,120.245,23.5,5998.6,0.556666,-0.0653486,2.82549,90.039,0,7,19521.4,18577.7
132.6,0,120.245,23.5,5998.61,0.556662,-0.0653493,2.82543,90.0391,0,7,19506.2,18561.7
132.7,0,120.245,23.5,5998.63,0.556659,-0.0653501,2.82536,90.0392,0,7,19491,18545.8
132.8,0,120.245,23.5,5998.64,0.556656,-0.0653508,2.8253,90.0393,0,7,19475.9,18529.8
132.9,0,120.245,23.5,5998.65,0.556652,-0.0653516,2.82523,90.0393,0,7,19460.7,18513.9
133,0,120.246,23.5,5998.66,0.556649,-0.0653523,2.82517,90.0394,0,7,19445.6,18498
133.1,0,120.246,23.5,5998.68,0.556646,-0.0653531,2.82511,90.0395,0,7,19430.4,18482
133.2,0,120.246,23.5,5998.69,0.556643,-0.0653538,2.82504,90.0396,0,7,19415.3,18466.1
133.3,0,120.246,23.5,5998.7,0.556639,-0.0653546,2.82498,90.0396,0,7,19400.2,18450.2
133.4,0,120.246,23.5,5998.71,0.556636,-0.0653553,2.82491,90.0397,0,7,19385,18434.3
133.5,0,120.247,23.5,5998.73,0.556633,-0.065356,2.82485,90.0398,0,7,19369.9,18418.4
133.6,0,120.247,23.5,5998.74,0.55663,-0.0653568,2.82478,90.0399,0,7,19354.8,18402.5
133.7,0,120.247,23.5,5998.75,0.556626,-0.0653575,2.82472,90.04,0,7,19339.7,18386.6
133.8,0,120.247,23.5,5998.76,0.556623,-0.0653582,2.82465,90.04,0,7,19324.6,18370.7
133.9,0,120.247,23.5,5998.78,0.55662,-0.0653589,2.82459,90.0401,0,7,19309.5,18354.8
134,0,120.247,23.5,5998.79,0.556617,-0.0653597,2.82452,90.0402,0,7,19294.5,18339
134.1,0,120.248,23.5,5998.8,0.556614,-0.0653604,2.82446,90.0403,0,7,19279.4,18323.1
134.2,0,120.248,23.5,5998.81,0.556611,-0.0653611,2.82439,90.0403,0,7,19264.3,18307.2
134.3,0,120.248,23.5,5998.83,0.556608,-0.0653618,2.82433,90.0404,0,7,19249.3,18291.4
134.4,0,120.248,23.5,5998.84,0.556605,-0.0653625,2.82426,90.0405,0,7,19234.2,18275.5
134.5,0,120.248,23.5,5998.85,0.556602,-0.0653632,2.8242,90.0406,0,7,19219.2,18259.7
134.6,0,120.249,23.5,5998.86,0.556598,-0.0653639,2.82413,90.0406,0,7,19204.1,18243.9
134.7,0,120.249,23.5,5998.87,0.556595,-0.0653647,2.82406,90.0407,0,7,19189.1,18228
134.8,0,120.249,23.5,5998.89,0.556592,-0.0653654,2.824,90.0408,0,7,19174.1,18212.2
134.9,0,120.249,23.5,5998.9,0.556589,-0.0653661,2.82393,90.0409,0,7,19159.1,18196.4
135,0,120.249,23.5,5998.91,0.556586,-0.0653668,2.82387,90.0409,0,7,19144.1,18180.6
135.1,0,120.25,23.5,5998.92,0.556583,-0.0653675,2.8238,90.041,0,7,19129,18164.8
135.2,0,120.25,23.5,5998.93,0.55658,-0.0653682,2.82374,90.0411,0,7,19114.1,18149
135.3,0,120.25,23.5,5998.95,0.556577,-0.0653688,2.82367,90.0412,0,7,19099.1,18133.2
135.4,0,120.25,23.5,5998.96,0.556575,-0.0653695,2.8236,90.0412,0,7,19084.1,18117.4
135.5,0,120.25,23.5,5998.97,0.556572,-0.0653702,2.82354,90.0413,0,7,19069.1,18101.6
135.6,0,120.25,23.5,5998.98,0.556569,-0.0653709,2.82347,90.0414,0,7,19054.1,18085.8
135.7,0,120.251,23.5,5998.99,0.556566,-0.0653716,2.82341,90.0415,0,7,19039.2,18070
135.8,0,120.251,23.5,5999,0.556563,-0.0653723,2.82334,90.0415,0,7,19024.2,18054.3
135.9,0,120.251,23.5,5999.02,0.55656,-0.065373,2.82327,90.0416,0,7,19009.3,18038.5
136,0,120.251,23.5,5999.03,0.556557,-0.0653737,2.82321,90.0417,0,7,18994.3,18022.8
136.1,0,120.251,23.5,5999.04,0.556554,-0.0653743,2.82314,90.0418,0,7,18979.4,18007
136.2,0,120.252,23.5,5999.05,0.556551,-0.065375,2.82307,90.0418,0,7,18964.5,17991.3
136.3,0,120.252,23.5,5999.06,0.556549,-0.0653757,2.82301,90.0419,0,7,18949.6,17975.5
136.4,0,120.252,23.5,5999.07,0.556546,-0.0653764,2.82294,90.042,0,7,18934.6,17959.8
136.5,0,120.252,23.5,5999.09,0.556543,-0.0653771,2.82288,90.0421,0,7,18919.7,17944.1
136.6,0,120.252,23.5,5999.1,0.55654,-0.0653777,2.82281,90.0422,0,7,18904.8,17928.4
136.7,0,120.252,23.5,5999.11,0.556537,-0.0653784,2.82274,90.0422,0,7,18890,17912.7
136.8,0,120.253,23.5,5999.12,0.556535,-0.0653791,2.82268,90.0423,0,7,18875.1,17897
136.9,0,120.253,23.5,5999.13,0.556532,-0.0653797,2.82261,90.0424,0,7,18860.2,17881.3
137,0,120.253,23.5,5999.14,0.556529,-0.0653804,2.82254,90.0425,0,7,18845.3,17865.6
137.1,0,120.253,23.5,5999.15,0.556527,-0.0653811,2.82248,90.0425,0,7,18830.5,17849.9
137.2,0,120.253,23.5,5999.16,0.556524,-0.0653818,2.82241,90.0426,0,7,18815.6,17834.2
137.3,0,120.254,23.5,5999.18,0.556521,-0.0653824,2.82234,90.0427,0,7,18800.8,17818.5
137.4,0,120.254,23.5,5999.19,0.556518,-0.0653831,2.82228,90.0428,0,7,18785.9,17802.9
137.5,0,120.254,23.5,5999.2,0.556516,-0.0653837,2.82221,90.0428,0,7,18771.1,17787.2
137.6,0,120.254,23.5,5999.21,0.556513,-0.0653844,2.82214,90.0429,0,7,18756.3,17771.6
137.7,0,120.254,23.5,5999.22,0.556511,-0.0653851,2.82208,90.043,0,7,18741.5,17755.9
137.8,0,120.255,23.5,5999.23,0.556508,-0.0653857,2.82201,90.0431,0,7,18726.7,17740.3
137.9,0,120.255,23.5,5999.24,0.556505,-0.0653864,2.82194,90.0431,0,7,18711.9,17724.6
138,0,120.255,23.5,5999.25,0.556503,-0.0653871,2.82188,90.0432,0,7,18697.1,17709
138.1,0,120.255,23.5,5999.26,0.5565,-0.0653877,2.82181,90.0433,0,7,18682.3,17693.4
138.2,0,120.255,23.5,5999.28,0.556498,-0.0653884,2.82174,90.0434,0,7,18667.5,17677.8
138.3,0,120.255,23.5,5999.29,0.556495,-0.065389,2.82168,90.0434,0,7,18652.7,17662.2
138.4,0,120.256,23.5,5999.3,0.556492,-0.0653897,2.82161,90.0435,0,7,18638,17646.6
138.5,0,120.256,23.5,5999.31,0.55649,-0.0653903,2.82154,90.0436,0,7,18623.2,17631
138.6,0,120.256,23.5,5999.32,0.556487,-0.065391,2.82148,90.0437,0,7,18608.5,17615.4
138.7,0,120.256,23.5,5999.33,0.556485,-0.0653917,2.82141,90.0437,0,7,18593.7,17599.8
138.8,0,120.256,23.5,5999.34,0.556482,-0.0653923,2.82134,90.0438,0,7,18579,17584.2
138.9,0,120.257,23.5,5999.35,0.55648,-0.065393,2.82127,90.0439,0,7,18564.3,17568.7
139,0,120.257,23.5,5999.36,0.556477,-0.0653936,2.82121,90.044,0,7,18549.5,17553.1
139.1,0,120.257,23.5,5999.37,0.556475,-0.0653943,2.82114,90.044,0,7,18534.8,17537.6
139.2,0,120.257,23.5,5999.38,0.556472,-0.0653949,2.82107,90.0441,0,7,18520.1,17522
139.3,0,120.257,23.5,5999.39,0.55647,-0.0653956,2.82101,90.0442,0,7,18505.4,17506.5
139.4,0,120.257,23.5,5999.4,0.556468,-0.0653962,2.82094,90.0443,0,7,18490.8,17490.9
139.5,0,120.258,23.5,5999.41,0.556465,-0.0653969,2.82087,90.0443,0,7,18476.1,17475.4
139.6,0,120.258,23.5,5999.42,0.556463,-0.0653975,2.8208,90.0444,0,7,18461.4,17459.9
139.7,0,120.258,23.5,5999.44,0.55646,-0.0653982,2.82074,90.0445,0,7,18446.7,17444.4
139.8,0,120.258,23.5,5999.45,0.556458,-0.0653988,2.82067,90.0446,0,7,18432.1,17428.9
139.9,0,120.258,23.5,5999.46,0.556456,-0.0653995,2.8206,90.0446,0,7,18417.4,17413.4
140,0,120.259,23.5,5999.47,0.556453,-0.0654001,2.82054,90.0447,0,7,18402.8,17397.9
140.1,0,120.259,23.5,5999.48,0.556451,-0.0654008,2.82047,90.0448,0,7,18388.2,17382.4
140.2,0,120.259,23.5,5999.49,0.556449,-0.0654014,2.8204,90.0449,0,7,18373.5,17366.9
140.3,0,120.259,23.5,5999.5,0.556446,-0.065402,2.82033,90.045,0,7,18358.9,17351.4
140.4,0,120.259,23.5,5999.51,0.556444,-0.0654027,2.82027,90.045,0,7,18344.3,17336
140.5,0,120.26,23.5,5999.52,0.556442,-0.0654033,2.8202,90.0451,0,7,18329.7,17320.5
140.6,0,120.26,23.5,5999.53,0.55644,-0.065404,2.82013,90.0452,0,7,18315.1,17305.1
140.7,0,120.26,23.5,5999.54,0.556437,-0.0654046,2.82007,90.0453,0,7,18300.5,17289.6
140.8,0,120.26,23.5,5999.55,0.556435,-0.0654053,2.82,90.0453,0,7,18286,17274.2
140.9,0,120.26,23.5,5999.56,0.556433,-0.0654059,2.81993,90.0454,0,7,18271.4,17258.7
141,0,120.26,23.5,5999.57,0.556431,-0.0654066,2.81986,90.0455,0,7,18256.8,17243.3
141.1,0,120.261,23.5,5999.58,0.556428,-0.0654072,2.8198,90.0456,0,7,18242.3,17227.9
141.2,0,120.261,23.5,5999.59,0.556426,-0.0654079,2.81973,90.0456,0,7,18227.7,17212.5
141.3,0,120.261,23.5,5999.6,0.556424,-0.0654085,2.81966,90.0457,0,7,18213.2,17197.1
141.4,0,120.261,23.5,5999.61,0.556422,-0.0654091,2.8196,90.0458,0,7,18198.7,17181.7
141.5,0,120.261,23.5,5999.62,0.55642,-0.0654098,2.81953,90.0459,0,7,18184.1,17166.3
141.6,0,120.262,23.5,5999.63,0.556417,-0.0654104,2.81946,90.0459,0,7,18169.6,17150.9
141.7,0,120.262,23.5,5999.64,0.556415,-0.0654111,2.81939,90.046,0,7,18155.1,17135.6
141.8,0,120.262,23.5,5999.65,0.556413,-0.0654117,2.81933,90.0461,0,7,18140.6,17120.2
141.9,0,120.262,23.5,5999.66,0.556411,-0.0654124,2.81926,90.0462,0,7,18126.1,17104.8
142,0,120.262,23.5,5999.67,0.556409,-0.065413,2.81919,90.0462,0,7,18111.7,17089.5
142.1,0,120.262,23.5,5999.68,0.556407,-0.0654136,2.81912,90.0463,0,7,18097.2,17074.1
142.2,0,120.263,23.5,5999.69,0.556405,-0.0654143,2.81906,90.0464,0,7,18082.7,17058.8
142.3,0,120.263,23.5,5999.7,0.556403,-0.0654149,2.81899,90.0465,0,7,18068.3,17043.5
142.4,0,120.263,23.5,5999.71,0.556401,-0.0654156,2.81892,90.0465,0,7,18053.8,17028.1
142.5,0,120.263,23.5,5999.72,0.556398,-0.0654162,2.81886,90.0466,0,7,18039.4,17012.8
142.6,1,120.263,23.5,5999.73,0.556396,-0.0654169,2.81879,90.0467,1,7,18025,16997.5
142.7,1,120.264,23.5,5999.73,0.556176,0.188243,2.81872,90.0463,1,7,18010.5,16982.2
142.8,1,120.264,23.5,5999.74,0.555953,0.887892,2.81851,90.0492,1,7,17996.1,16966.9
142.9,1,120.264,23.5,5999.75,0.55573,1.82611,2.81795,90.0591,1,7,17981.7,16951.7
143,1,120.264,23.5,5999.76,0.555507,2.88894,2.81687,90.0772,1,7,17967.4,16936.4
143.1,1,120.264,23.5,5999.77,0.555285,4.01696,2.81512,90.104,1,7,17953,16921.1
143.2,1,120.265,23.5,5999.77,0.555064,5.17919,2.81253,90.1392,1,7,17938.6,16905.9
143.3,1,120.265,23.5,5999.78,0.554842,6.35946,2.80895,90.1827,1,7,17924.3,16890.7
143.4,1,120.265,23.5,5999.78,0.554622,7.54933,2.80427,90.2341,1,7,17909.9,16875.4
143.5,1,120.265,23.5,5999.78,0.554402,8.74439,2.79836,90.2931,1,7,17895.6,16860.2
143.6,1,120.265,23.5,5999.78,0.554183,9.9423,2.79114,90.3595,1,7,17881.3,16845
143.7,1,120.265,23.5,5999.78,0.553964,11.1418,2.78252,90.4329,1,7,17867,16829.8
143.8,1,120.266,23.5,5999.77,0.553746,12.3423,2.7724,90.5132,1,7,17852.6,16814.6
143.9,1,120.266,23.5,5999.76,0.553529,13.5433,2.76073,90.6003,1,7,17838.3,16799.4
144,1,120.266,23.5,5999.74,0.553313,14.7447,2.74742,90.6939,1,7,17824,16784.2
144.1,1,120.266,23.5,5999.72,0.553098,15.9463,2.73242,90.7939,1,7,17809.7,16769
144.2,1,120.266,23.5,5999.69,0.552884,17.148,2.71567,90.9004,1,7,17795.4,16753.8
144.3,1,120.267,23.5,5999.66,0.552672,18.3496,2.69711,91.0132,1,7,17781,16738.6
144.4,1,120.267,23.5,5999.62,0.55246,19.5513,2.67669,91.1322,1,7,17766.7,16723.4
144.5,1,120.267,23.5,5999.57,0.55225,20.7528,2.65436,91.2575,1,7,17752.4,16708.2
144.6,1,120.267,23.5,5999.52,0.552041,21.9542,2.63007,91.3891,1,7,17738.1,16693
144.7,1,120.267,23.5,5999.45,0.551834,23.1553,2.60378,91.5269,1,7,17723.7,16677.7
144.8,1,120.267,23.5,5999.38,0.551628,24.3561,2.57545,91.671,1,7,17709.4,16662.5
144.9,1,120.268,23.5,5999.3,0.551424,25.5565,2.54503,91.8213,1,7,17695,16647.3
145,1,120.268,23.5,5999.2,0.551222,26.7565,2.51249,91.978,1,7,17680.6,16632
145.1,1,120.268,23.5,5999.1,0.551022,27.956,2.47778,92.141,1,7,17666.3,16616.8
145.2,1,120.268,23.5,5998.98,0.550823,29.1548,2.44087,92.3105,1,7,17651.9,16601.5
145.3,1,120.268,23.5,5998.85,0.550627,30.353,2.40172,92.4864,1,7,17637.4,16586.2
145.4,1,120.269,23.5,5998.7,0.550432,31.5504,2.36028,92.6688,1,7,17623,16570.9
145.5,1,120.269,23.5,5998.54,0.55024,32.747,2.31652,92.8579,1,7,17608.6,16555.6
145.6,1,120.269,23.5,5998.36,0.55005,33.9426,2.27041,93.0537,1,7,17594.1,16540.3
145.7,1,120.269,23.5,5998.17,0.549863,35.1372,2.22188,93.2563,1,7,17579.6,16525
145.8,1,120.269,23.5,5997.96,0.549678,36.3306,2.17091,93.4658,1,7,17565.1,16509.6
145.9,1,120.269,23.4999,5997.74,0.549495,37.5229,2.11745,93.6824,1,7,17550.6,16494.3
146,1,120.27,23.4999,5997.49,0.549315,38.7138,2.06144,93.9061,1,7,17536.1,16478.9
146.1,1,120.27,23.4999,5997.23,0.549138,39.9032,2.00284,94.1371,1,7,17521.5,16463.5
146.2,1,120.27,23.4999,5996.94,0.548964,41.0911,1.9416,94.3755,1,7,17506.9,16448
146.3,1,120.27,23.4999,5996.64,0.548792,42.2774,1.87765,94.6216,1,7,17492.3,16432.6
146.4,1,120.27,23.4999,5996.31,0.548623,43.4618,1.81093,94.8753,1,7,17477.6,16417.1
146.5,1,120.271,23.4999,5995.96,0.548457,44.6444,1.74138,95.137,1,7,17463,16401.6
146.6,1,120.271,23.4999,5995.59,0.548294,45.8249,1.66893,95.4068,1,7,17448.3,16386.1
146.7,1,120.271,23.4999,5995.19,0.548134,47.0034,1.5935,95.6849,1,7,17433.5,16370.5
146.8,1,120.271,23.4998,5994.77,0.547977,48.1795,1.51501,95.9714,1,7,17418.7,16354.9
146.9,1,120.271,23.4998,5994.32,0.547823,49.3532,1.43337,96.2667,1,7,17403.9,16339.3
147,1,120.271,23.4998,5993.84,0.547672,50.5244,1.34846,96.571,1,7,17389.1,16323.7
147.1,1,120.272,23.4998,5993.34,0.547525,51.693,1.25994,96.884,1,7,17374.2,16308
147.2,1,120.272,23.4998,5992.81,0.54738,52.8582,1.16767,97.2061,1,7,17359.3,16292.3
147.3,1,120.272,23.4998,5992.25,0.547239,53.7116,1.07162,97.538,1,7,17344.3,16276.6
147.4,1,120.272,23.4998,5991.66,0.5471,54.1397,0.97724,97.8774,1,7,17329.4,16260.8
147.5,1,120.272,23.4997,5991.04,0.546964,54.3431,0.888988,98.222,1,7,17314.3,16245
147.6,1,120.273,23.4997,5990.39,0.54683,54.4293,0.808432,98.5706,1,7,17299.2,16229.2
147.7,1,120.273,23.4997,5989.72,0.546696,54.4547,0.73579,98.9226,1,7,17284.1,16213.3
147.8,1,120.273,23.4997,5989.02,0.546564,54.4489,0.670688,99.2777,1,7,17269,16197.4
147.9,1,120.273,23.4997,5988.29,0.546433,54.4273,0.612533,99.6357,1,7,17253.8,16181.5
148,1,120.273,23.4996,5987.54,0.546301,54.398,0.560695,99.9967,1,7,17238.5,16165.5
148.1,1,120.273,23.4996,5986.77,0.54617,54.3652,0.514592,100.361,1,7,17223.2,16149.5
148.2,1,120.274,23.4996,5985.98,0.546039,54.3312,0.473709,100.728,1,7,17207.9,16133.4
148.3,1,120.274,23.4996,5985.16,0.545906,54.2969,0.437611,101.098,1,7,17192.5,16117.3
148.4,1,120.274,23.4995,5984.33,0.545773,54.263,0.405935,101.472,1,7,17177.1,16101.2
148.5,1,120.274,23.4995,5983.48,0.545639,54.2298,0.378375,101.849,1,7,17161.6,16085
148.6,1,120.274,23.4995,5982.61,0.545504,54.1965,0.354723,102.23,1,7,17146.1,16068.8
148.7,1,120.275,23.4995,5981.73,0.54537,54.1549,0.335281,102.614,1,7,17130.6,16052.5
148.8,1,120.275,23.4994,5980.83,0.545236,54.1075,0.320113,103.001,1,7,17115,16036.2
148.9,1,120.275,23.4994,5979.92,0.545103,54.0576,0.308997,103.391,1,7,17099.4,16019.8
149,1,120.275,23.4994,5979,0.54497,54.007,0.301691,103.784,1,7,17083.7,16003.4
149.1,1,120.275,23.4993,5978.07,0.544837,53.9566,0.297966,104.181,1,7,17068,15987
149.2,1,120.275,23.4993,5977.12,0.544703,53.9069,0.297619,104.58,1,7,17052.2,15970.5
149.3,1,120.276,23.4993,5976.17,0.54457,53.8581,0.300471,104.983,1,7,17036.4,15954
149.4,1,120.276,23.4992,5975.21,0.544435,53.8105,0.306361,105.389,1,7,17020.6,15937.5
149.5,1,120.276,23.4992,5974.25,0.544299,53.7642,0.315148,105.797,1,7,17004.7,15920.9
149.6,1,120.276,23.4992,5973.28,0.544163,53.7192,0.326703,106.208,1,7,16988.8,15904.2
149.7,1,120.276,23.4991,5972.3,0.544024,53.6756,0.340908,106.623,1,7,16972.8,15887.5
149.8,1,120.276,23.4991,5971.32,0.543885,53.6334,0.357655,107.04,1,7,16956.8,15870.8
149.9,1,120.277,23.4991,5970.34,0.543743,53.5927,0.376844,107.46,1,7,16940.8,15854
150,1,120.277,23.499,5969.36,0.5436,53.5535,0.398376,107.883,1,7,16924.7,15837.2
150.1,1,120.277,23.499,5968.37,0.543454,53.5159,0.422161,108.308,1,7,16908.5,15820.3
150.2,1,120.277,23.4989,5967.39,0.543307,53.4798,0.44811,108.736,1,7,16892.4,15803.4
150.3,1,120.277,23.4989,5966.41,0.543157,53.4453,0.476136,109.166,1,7,16876.2,15786.5
150.4,1,120.278,23.4988,5965.42,0.543004,53.4124,0.506154,109.599,1,7,16860,15769.5
150.5,1,120.278,23.4988,5964.45,0.542849,53.381,0.538082,110.035,1,7,16843.7,15752.5
150.6,1,120.278,23.4987,5963.47,0.542691,53.3514,0.571838,110.473,1,7,16827.4,15735.4
150.7,1,120.278,23.4987,5962.5,0.542531,53.3233,0.607342,110.913,1,7,16811,15718.3
150.8,1,120.278,23.4986,5961.54,0.542367,53.2969,0.644513,111.355,1,7,16794.7,15701.1
150.9,1,120.278,23.4986,5960.58,0.5422,53.2721,0.683273,111.8,1,7,16778.2,15683.9
151,1,120.279,23.4985,5959.62,0.54203,53.2489,0.723544,112.246,1,7,16761.8,15666.7
151.1,1,120.279,23.4985,5958.68,0.541857,53.2274,0.765247,112.695,1,7,16745.3,15649.4
151.2,1,120.279,23.4984,5957.74,0.541681,53.2076,0.808307,113.146,1,7,16728.8,15632.1
151.3,1,120.279,23.4984,5956.81,0.541501,53.1894,0.852646,113.598,1,7,16712.3,15614.8
151.4,1,120.279,23.4983,5955.89,0.541318,53.1729,0.89819,114.052,1,7,16695.7,15597.4
151.5,1,120.279,23.4983,5954.98,0.541131,53.1579,0.944864,114.509,1,7,16679.1,15580
151.6,1,120.28,23.4982,5954.08,0.540941,53.1446,0.992593,114.966,1,7,16662.5,15562.5
151.7,1,120.28,23.4981,5953.19,0.540748,53.133,1.0413,115.426,1,7,16645.8,15545
151.8,1,120.28,23.4981,5952.31,0.54055,53.1229,1.09093,115.887,1,7,16629.2,15527.5
151.9,1,120.28,23.498,5951.45,0.540349,53.1144,1.14139,116.349,1,7,16612.5,15509.9
152,1,120.28,23.498,5950.59,0.540145,53.1076,1.19262,116.813,1,7,16595.7,15492.3
152.1,1,120.28,23.4979,5949.75,0.539937,53.1022,1.24455,117.279,1,7,16579,15474.7
152.2,1,120.281,23.4978,5948.92,0.539725,53.0984,1.29711,117.745,1,7,16562.2,15457.1
152.3,1,120.281,23.4978,5948.11,0.539509,53.0962,1.35024,118.213,1,7,16545.4,15439.4
152.4,1,120.281,23.4977,5947.31,0.53929,53.0954,1.40386,118.682,1,7,16528.6,15421.7
152.5,1,120.281,23.4976,5946.52,0.539067,53.0962,1.45792,119.153,1,7,16511.8,15403.9
152.6,1,120.281,23.4976,5945.75,0.538841,53.0983,1.51235,119.624,1,7,16494.9,15386.2
152.7,1,120.281,23.4975,5945,0.53861,53.102,1.56709,120.096,1,7,16478.1,15368.4
152.8,1,120.282,23.4974,5944.26,0.538377,53.107,1.62209,120.57,1,7,16461.2,15350.5
152.9,1,120.282,23.4973,5943.53,0.538139,53.1133,1.67727,121.044,1,7,16444.3,15332.7
153,1,120.282,23.4973,5942.82,0.537898,53.121,1.73258,121.519,1,7,16427.4,15314.8
153.1,1,120.282,23.4972,5942.13,0.537654,53.1301,1.78797,121.995,1,7,16410.4,15297
153.2,1,120.282,23.4971,5941.45,0.537406,53.1403,1.84338,122.471,1,7,16393.5,15279
153.3,1,120.282,23.497,5940.79,0.537154,53.1518,1.89877,122.948,1,7,16376.6,15261.1
153.4,1,120.282,23.4969,5940.15,0.536899,53.1646,1.95407,123.426,1,7,16359.6,15243.2
153.5,1,120.283,23.4969,5939.52,0.536641,53.1784,2.00924,123.905,1,7,16342.6,15225.2
153.6,1,120.283,23.4968,5938.91,0.536379,53.1934,2.06423,124.384,1,7,16325.7,15207.2
153.7,1,120.283,23.4967,5938.31,0.536114,53.2095,2.119,124.863,1,7,16308.7,15189.2
153.8,1,120.283,23.4966,5937.74,0.535846,53.2265,2.17349,125.343,1,7,16291.7,15171.2
153.9,1,120.283,23.4965,5937.18,0.535574,53.2446,2.22768,125.823,1,7,16274.7,15153.2
154,1,120.283,23.4964,5936.64,0.5353,53.2637,2.2815,126.303,1,7,16257.8,15135.2
154.1,1,120.284,23.4964,5936.11,0.535022,53.2836,2.33494,126.784,1,7,16240.8,15117.1
154.2,1,120.284,23.4963,5935.6,0.534741,53.3044,2.38793,127.265,1,7,16223.8,15099.1
154.3,1,120.284,23.4962,5935.11,0.534458,53.326,2.44046,127.747,1,7,16206.8,15081
154.4,1,120.284,23.4961,5934.64,0.534171,53.3484,2.49249,128.228,1,7,16189.8,15063
154.5,1,120.284,23.496,5934.18,0.533882,53.3715,2.54397,128.709,1,7,16172.8,15044.9
154.6,1,120.284,23.4959,5933.74,0.53359,53.3953,2.59489,129.191,1,7,16155.9,15026.8
154.7,1,120.284,23.4958,5933.32,0.533295,53.4197,2.64521,129.673,1,7,16138.9,15008.7
154.8,1,120.285,23.4957,5932.91,0.532997,53.4447,2.6949,130.154,1,7,16121.9,14990.7
154.9,1,120.285,23.4956,5932.52,0.532697,53.4703,2.74393,130.636,1,7,16105,14972.6
155,1,120.285,23.4955,5932.15,0.532395,53.4963,2.79228,131.117,1,7,16088.1,14954.5
155.1,1,120.285,23.4954,5931.79,0.53209,53.5227,2.83993,131.598,1,7,16071.1,14936.4
155.2,1,120.285,23.4953,5931.45,0.531782,53.5479,2.88703,132.079,1,7,16054.2,14918.4
155.3,1,120.285,23.4952,5931.13,0.531472,53.5721,2.93361,132.56,1,7,16037.3,14900.3
155.4,1,120.285,23.4951,5930.82,0.53116,53.5961,2.97963,133.041,1,7,16020.4,14882.3
155.5,1,120.286,23.495,5930.53,0.530845,53.62,3.02503,133.522,1,7,16003.5,14864.2
155.6,1,120.286,23.4949,5930.25,0.530528,53.644,3.06974,134.002,1,7,15986.7,14846.2
155.7,1,120.286,23.4948,5929.99,0.530209,53.6682,3.11373,134.482,1,7,15969.8,14828.1
155.8,1,120.286,23.4947,5929.75,0.529888,53.6926,3.15695,134.961,1,7,15953,14810.1
155.9,1,120.286,23.4946,5929.52,0.529565,53.7173,3.19934,135.44,1,7,15936.2,14792.1
156,1,120.286,23.4945,5929.3,0.52924,53.7423,3.24086,135.918,1,7,15919.5,14774.1
156.1,1,120.286,23.4944,5929.1,0.528913,53.7677,3.2815,136.396,1,7,15902.7,14756.1
156.2,1,120.287,23.4943,5928.92,0.528584,53.7934,3.3212,136.874,1,7,15886,14738.2
156.3,1,120.287,23.4942,5928.74,0.528254,53.7827,3.35974,137.35,1,7,15869.3,14720.2
156.4,1,120.287,23.4941,5928.59,0.527922,53.3795,3.39844,137.827,1,7,15852.6,14702.3
156.5,1,120.287,23.494,5928.44,0.527588,52.7265,3.44482,138.299,1,7,15835.9,14684.4
156.6,1,120.287,23.4938,5928.32,0.527252,51.9727,3.50159,138.764,1,7,15819.3,14666.5
156.7,1,120.287,23.4937,5928.21,0.526914,51.1716,3.56884,139.22,1,7,15802.7,14648.7
156.8,1,120.287,23.4936,5928.12,0.526573,50.3422,3.64587,139.666,1,7,15786.1,14630.9
156.9,1,120.287,23.4935,5928.05,0.526229,49.4907,3.73161,140.102,1,7,15769.6,14613
157,1,120.288,23.4934,5928,0.525883,48.6166,3.82477,140.525,1,7,15753.1,14595.3
157.1,1,120.288,23.4933,5927.98,0.525533,47.721,3.92462,140.935,1,7,15736.7,14577.5
157.2,1,120.288,23.4932,5927.99,0.525181,46.8033,4.03054,141.332,1,7,15720.3,14559.8
157.3,1,120.288,23.493,5928.02,0.524826,45.8619,4.14193,141.714,1,7,15703.9,14542.1
157.4,1,120.288,23.4929,5928.09,0.524469,44.895,4.2583,142.082,1,7,15687.6,14524.4
157.5,1,120.288,23.4928,5928.18,0.52411,43.906,4.37947,142.435,1,7,15671.3,14506.8
157.6,1,120.288,23.4927,5928.3,0.523748,42.9012,4.505,142.774,1,7,15655,14489.2
157.7,1,120.288,23.4926,5928.46,0.523385,41.8786,4.63414,143.098,1,7,15638.8,14471.6
157.8,1,120.288,23.4924,5928.65,0.523019,40.8375,4.76622,143.407,1,7,15622.7,14454.1
157.9,1,120.289,23.4923,5928.88,0.522651,39.7778,4.90062,143.702,1,7,15606.6,14436.6
158,1,120.289,23.4922,5929.15,0.52228,38.6997,5.03673,143.981,1,7,15590.5,14419.1
158.1,1,120.289,23.4921,5929.45,0.521908,37.6035,5.17396,144.245,1,7,15574.5,14401.7
158.2,1,120.289,23.4919,5929.78,0.521534,36.4896,5.31172,144.494,1,7,15558.5,14384.3
158.3,1,120.289,23.4918,5930.16,0.521159,35.3588,5.44944,144.728,1,7,15542.6,14366.9
158.4,1,120.289,23.4917,5930.57,0.520781,34.2173,5.58655,144.946,1,7,15526.8,14349.6
158.5,1,120.289,23.4916,5931.02,0.520402,33.0715,5.72243,145.15,1,7,15510.9,14332.3
158.6,1,120.289,23.4914,5931.51,0.520021,31.9252,5.85641,145.339,1,7,15495.2,14315
158.7,1,120.289,23.4913,5932.04,0.519639,30.7814,5.98788,145.513,1,7,15479.5,14297.8
158.8,1,120.29,23.4912,5932.61,0.519255,29.6422,6.11624,145.674,1,7,15463.8,14280.6
158.9,1,120.29,23.4911,5933.21,0.51887,28.51,6.24094,145.822,1,7,15448.2,14263.4
159,1,120.29,23.4909,5933.85,0.518483,27.3869,6.36151,145.957,1,7,15432.6,14246.3
159.1,1,120.29,23.4908,5934.53,0.518095,26.275,6.47749,146.081,1,7,15417.1,14229.2
159.2,1,120.29,23.4907,5935.25,0.517705,25.1762,6.5885,146.193,1,7,15401.6,14212.1
159.3,1,120.29,23.4906,5936,0.517314,24.0925,6.6942,146.294,1,7,15386.2,14195.1
159.4,1,120.29,23.4904,5936.78,0.516922,23.0256,6.79431,146.385,1,7,15370.8,14178.1
159.5,1,120.29,23.4903,5937.6,0.516528,21.9773,6.8886,146.467,1,7,15355.4,14161.1
159.6,1,120.29,23.4902,5938.45,0.516132,20.9488,6.9769,146.541,1,7,15340.1,14144.1
159.7,1,120.29,23.4901,5939.34,0.515736,19.9416,7.05908,146.606,1,7,15324.9,14127.2
159.8,1,120.291,23.4899,5940.25,0.515338,18.9566,7.13505,146.664,1,7,15309.7,14110.3
159.9,1,120.291,23.4898,5941.19,0.514938,17.9949,7.20476,146.716,1,7,15294.5,14093.5
160,1,120.291,23.4897,5942.16,0.514537,17.0572,7.26822,146.761,1,7,15279.4,14076.6
160.1,1,120.291,23.4895,5943.16,0.514135,16.1439,7.32544,146.801,1,7,15264.3,14059.8
160.2,1,120.291,23.4894,5944.18,0.513732,15.2554,7.3765,146.835,1,7,15249.2,14043
160.3,1,120.291,23.4893,5945.22,0.513327,14.3919,7.42146,146.865,1,7,15234.2,14026.3
160.4,1,120.291,23.4892,5946.29,0.512921,13.5535,7.46044,146.89,1,7,15219.2,14009.6
160.5,1,120.291,23.489,5947.37,0.512515,12.74,7.49356,146.912,1,7,15204.2,13992.9
160.6,1,120.291,23.4889,5948.48,0.512107,11.9512,7.52095,146.931,1,7,15189.3,13976.2
160.7,1,120.291,23.4888,5949.6,0.511698,11.1867,7.54278,146.946,1,7,15174.4,13959.5
160.8,1,120.292,23.4886,5950.74,0.511288,10.4462,7.55923,146.958,1,7,15159.6,13942.9
160.9,1,120.292,23.4885,5951.89,0.510879,9.73553,7.57074,146.968,1,7,15144.8,13926.3
161,1,120.292,23.4884,5953.05,0.510472,9.05685,7.57758,146.976,1,7,15130,13909.7
161.1,1,120.292,23.4883,5954.23,0.510065,8.40509,7.57991,146.983,1,7,15115.2,13893.1
161.2,1,120.292,23.4881,5955.42,0.509661,7.7771,7.57793,146.989,1,7,15100.5,13876.6
161.3,1,120.292,23.488,5956.61,0.509257,7.17081,7.57183,146.993,1,7,15085.8,13860
161.4,1,120.292,23.4879,5957.81,0.508856,6.58473,7.56179,146.996,1,7,15071.1,13843.5
161.5,1,120.292,23.4877,5959.02,0.508456,6.01765,7.54797,146.998,1,7,15056.4,13827.1
161.6,1,120.292,23.4876,5960.23,0.508058,5.46853,7.53055,146.999,1,7,15041.8,13810.6
161.7,1,120.292,23.4875,5961.44,0.507661,4.93643,7.50966,146.998,1,7,15027.1,13794.1
161.8,1,120.293,23.4874,5962.66,0.507267,4.42048,7.48545,146.996,1,7,15012.5,13777.7
161.9,1,120.293,23.4872,5963.87,0.506874,3.91987,7.45805,146.993,1,7,14998,13761.3
162,1,120.293,23.4871,5965.09,0.506483,3.43384,7.42759,146.989,1,7,14983.4,13744.9
162.1,1,120.293,23.487,5966.3,0.506095,2.96166,7.39419,146.984,1,7,14968.9,13728.5
162.2,1,120.293,23.4868,5967.51,0.505708,2.50264,7.35796,146.977,1,7,14954.3,13712.2
162.3,1,120.293,23.4867,5968.71,0.505324,2.05612,7.31903,146.97,1,7,14939.8,13695.8
162.4,1,120.293,23.4866,5969.91,0.504942,1.6215,7.27747,146.961,1,7,14925.3,13679.5
162.5,1,120.293,23.4865,5971.1,0.504563,1.19818,7.23341,146.951,1,7,14910.9,13663.2
162.6,1,120.293,23.4863,5972.29,0.504186,0.785605,7.18693,146.94,1,7,14896.4,13646.9
162.7,1,120.293,23.4862,5973.47,0.503812,0.383246,7.13812,146.928,1,7,14881.9,13630.6
162.8,1,120.293,23.4861,5974.64,0.50344,-0.0093963,7.08707,146.914,1,7,14867.5,13614.3
162.9,1,120.294,23.4859,5975.8,0.503071,-0.392783,7.03404,146.9,1,7,14853.1,13598.1
163,1,120.294,23.4858,5976.94,0.502705,-0.767288,6.97924,146.885,1,7,14838.7,13581.8
163.1,1,120.294,23.4857,5978.08,0.502342,-1.13329,6.92269,146.869,1,7,14824.3,13565.6
163.2,1,120.294,23.4856,5979.2,0.501982,-1.49121,6.86442,146.851,1,7,14809.9,13549.4
163.3,1,120.294,23.4854,5980.31,0.501625,-1.84143,6.80446,146.833,1,7,14795.5,13533.2
163.4,1,120.294,23.4853,5981.41,0.501271,-2.18434,6.74286,146.813,1,7,14781.2,13517
163.5,1,120.294,23.4852,5982.49,0.50092,-2.5203,6.67972,146.793,1,7,14766.8,13500.8
163.6,1,120.294,23.485,5983.56,0.500573,-2.8496,6.61522,146.772,1,7,14752.5,13484.6
163.7,1,120.294,23.4849,5984.61,0.500229,-3.17253,6.54947,146.749,1,7,14738.1,13468.5
163.8,1,120.294,23.4848,5985.64,0.499888,-3.48933,6.4826,146.726,1,7,14723.8,13452.3
163.9,1,120.294,23.4847,5986.66,0.499551,-3.80023,6.41474,146.702,1,7,14709.5,13436.2
164,1,120.295,23.4845,5987.66,0.499217,-4.10546,6.346,146.676,1,7,14695.1,13420.1
164.1,1,120.295,23.4844,5988.64,0.498887,-4.40524,6.27648,146.65,1,7,14680.8,13404
164.2,1,120.295,23.4843,5989.6,0.498561,-4.69977,6.20627,146.623,1,7,14666.5,13387.9
164.3,1,120.295,23.4842,5990.55,0.498238,-4.98924,6.13549,146.594,1,7,14652.2,13371.8
164.4,1,120.295,23.484,5991.47,0.497919,-5.27383,6.06421,146.565,1,7,14637.9,13355.7
164.5,1,120.295,23.4839,5992.37,0.497604,-5.55371,5.99252,146.535,1,7,14623.6,13339.6
164.6,1,120.295,23.4838,5993.26,0.497292,-5.82906,5.92052,146.504,1,7,14609.4,13323.6
164.7,1,120.295,23.4837,5994.12,0.496984,-6.10002,5.84827,146.472,1,7,14595.1,13307.5
164.8,1,120.295,23.4835,5994.97,0.49668,-6.36673,5.77586,146.438,1,7,14580.8,13291.5
164.9,1,120.295,23.4834,5995.79,0.49638,-6.62934,5.70335,146.404,1,7,14566.5,13275.4
165,1,120.295,23.4833,5996.59,0.496084,-6.88797,5.63083,146.369,1,7,14552.2,13259.4
165.1,1,120.296,23.4831,5997.37,0.495792,-7.14273,5.55836,146.333,1,7,14538,13243.4
165.2,1,120.296,23.483,5998.12,0.495503,-7.39374,5.48601,146.295,1,7,14523.7,13227.4
165.3,1,120.296,23.4829,5998.86,0.495219,-7.64109,5.41383,146.257,1,7,14509.4,13211.4
165.4,1,120.296,23.4828,5999.57,0.494939,-7.88489,5.3419,146.218,1,7,14495.2,13195.4
165.5,1,120.296,23.4826,6000.26,0.494662,-8.12522,5.27026,146.178,1,7,14480.9,13179.4
165.6,1,120.296,23.4825,6000.93,0.494389,-8.36216,5.19898,146.136,1,7,14466.6,13163.4
165.7,1,120.296,23.4824,6001.58,0.49412,-8.59579,5.12811,146.094,1,7,14452.4,13147.5
165.8,1,120.296,23.4823,6002.2,0.493855,-8.82617,5.0577,146.05,1,7,14438.1,13131.5
165.9,1,120.296,23.4821,6002.8,0.493594,-9.05336,4.98779,146.006,1,7,14423.9,13115.6
166,1,120.296,23.482,6003.38,0.493337,-9.27744,4.91845,145.96,1,7,14409.6,13099.6
166.1,1,120.296,23.4819,6003.94,0.493084,-9.49844,4.8497,145.913,1,7,14395.3,13083.7
166.2,1,120.297,23.4818,6004.47,0.492834,-9.71642,4.78159,145.865,1,7,14381.1,13067.7
166.3,1,120.297,23.4816,6004.99,0.492588,-9.93141,4.71417,145.817,1,7,14366.8,13051.8
166.4,1,120.297,23.4815,6005.48,0.492346,-10.1435,4.64747,145.767,1,7,14352.6,13035.9
166.5,1,120.297,23.4814,6005.94,0.492108,-10.3526,4.58153,145.715,1,7,14338.3,13020
166.6,1,120.297,23.4813,6006.39,0.491874,-10.5589,4.51638,145.663,1,7,14324,13004.1
166.7,1,120.297,23.4811,6006.81,0.491643,-10.7623,4.45206,145.61,1,7,14309.8,12988.2
166.8,1,120.297,23.481,6007.22,0.491416,-10.9629,4.3886,145.555,1,7,14295.5,12972.3
166.9,1,120.297,23.4809,6007.6,0.491192,-11.1607,4.32602,145.5,1,7,14281.3,12956.4
167,1,120.297,23.4808,6007.96,0.490972,-11.3558,4.26436,145.443,1,7,14267,12940.5
167.1,1,120.297,23.4807,6008.29,0.490755,-11.548,4.20364,145.385,1,7,14252.7,12924.6
167.2,1,120.298,23.4805,6008.61,0.490542,-11.7375,4.14388,145.326,1,7,14238.5,12908.7
167.3,1,120.298,23.4804,6008.9,0.490333,-11.9243,4.08511,145.266,1,7,14224.2,12892.8
167.4,1,120.298,23.4803,6009.18,0.490126,-12.1084,4.02735,145.205,1,7,14209.9,12877
167.5,1,120.298,23.4802,6009.43,0.489924,-12.2897,3.97062,145.143,1,7,14195.6,12861.1
167.6,1,120.298,23.48,6009.67,0.489724,-12.4683,3.91494,145.079,1,7,14181.4,12845.2
167.7,1,120.298,23.4799,6009.88,0.489527,-12.6443,3.86032,145.015,1,7,14167.1,12829.4
167.8,1,120.298,23.4798,6010.07,0.489334,-12.8175,3.80678,144.949,1,7,14152.8,12813.5
167.9,1,120.298,23.4797,6010.25,0.489144,-12.988,3.75433,144.882,1,7,14138.5,12797.7
168,1,120.298,23.4795,6010.4,0.488957,-13.1558,3.70299,144.814,1,7,14124.3,12781.8
168.1,1,120.298,23.4794,6010.54,0.488773,-13.3209,3.65277,144.745,1,7,14110,12766
168.2,1,120.298,23.4793,6010.66,0.488592,-13.4833,3.60367,144.675,1,7,14095.7,12750.1
168.3,1,120.299,23.4792,6010.76,0.488414,-13.6431,3.55572,144.603,1,7,14081.4,12734.3
168.4,1,120.299,23.4791,6010.84,0.488238,-13.8001,3.50891,144.531,1,7,14067.1,12718.4
168.5,1,120.299,23.4789,6010.9,0.488065,-13.9544,3.46325,144.457,1,7,14052.8,12702.6
168.6,1,120.299,23.4788,6010.95,0.487895,-14.1059,3.41876,144.382,1,7,14038.5,12686.8
168.7,1,120.299,23.4787,6010.97,0.487728,-14.2548,3.37542,144.306,1,7,14024.2,12670.9
168.8,1,120.299,23.4786,6010.98,0.487563,-14.4009,3.33326,144.229,1,7,14009.9,12655.1
168.9,1,120.299,23.4784,6010.98,0.487401,-14.5444,3.29227,144.151,1,7,13995.6,12639.3
169,1,120.299,23.4783,6010.96,0.487241,-14.685,3.25245,144.072,1,7,13981.3,12623.5
169.1,1,120.299,23.4782,6010.92,0.487083,-14.823,3.21381,143.992,1,7,13967,12607.6
169.2,1,120.299,23.4781,6010.87,0.486928,-14.9582,3.17634,143.91,1,7,13952.7,12591.8
169.3,1,120.299,23.478,6010.8,0.486775,-15.0906,3.14005,143.828,1,7,13938.4,12576
169.4,1,120.3,23.4778,6010.71,0.486624,-15.2203,3.10493,143.744,1,7,13924.1,12560.2
169.5,1,120.3,23.4777,6010.61,0.486475,-15.3479,3.07098,143.66,1,7,13909.8,12544.4
169.6,1,120.3,23.4776,6010.5,0.486328,-15.4733,3.0382,143.574,1,7,13895.5,12528.5
169.7,1,120.3,23.4775,6010.38,0.486183,-15.5963,3.00658,143.488,1,7,13881.2,12512.7
169.8,1,120.3,23.4774,6010.24,0.48604,-15.7166,2.97612,143.4,1,7,13866.8,12496.9
169.9,1,120.3,23.4772,6010.08,0.485899,-15.834,2.94681,143.311,1,7,13852.5,12481.1
170,1,120.3,23.4771,6009.92,0.485759,-15.9486,2.91865,143.222,1,7,13838.2,12465.3
170.1,1,120.3,23.477,6009.74,0.485621,-16.0603,2.89163,143.131,1,7,13823.9,12449.4
170.2,1,120.3,23.4769,6009.55,0.485485,-16.169,2.86575,143.039,1,7,13809.5,12433.6
170.3,1,120.3,23.4768,6009.34,0.48535,-16.2749,2.84099,142.947,1,7,13795.2,12417.8
170.4,1,120.301,23.4766,6009.13,0.485217,-16.3778,2.81736,142.853,1,7,13780.9,12402
170.5,1,120.301,23.4765,6008.9,0.485085,-16.4779,2.79485,142.759,1,7,13766.6,12386.2
170.6,1,120.301,23.4764,6008.67,0.484954,-16.575,2.77344,142.663,1,7,13752.2,12370.4
170.7,1,120.301,23.4763,6008.42,0.484825,-16.6693,2.75313,142.567,1,7,13737.9,12354.5
170.8,1,120.301,23.4762,6008.16,0.484697,-16.7607,2.7339,142.47,1,7,13723.5,12338.7
170.9,1,120.301,23.4761,6007.9,0.48457,-16.8493,2.71575,142.372,1,7,13709.2,12322.9
171,1,120.301,23.4759,6007.62,0.484444,-16.9349,2.69867,142.273,1,7,13694.9,12307.1
171.1,1,120.301,23.4758,6007.34,0.484319,-17.0178,2.68265,142.174,1,7,13680.5,12291.3
171.2,1,120.301,23.4757,6007.04,0.484195,-17.0978,2.66767,142.073,1,7,13666.2,12275.4
171.3,1,120.301,23.4756,6006.74,0.484072,-17.1749,2.65372,141.972,1,7,13651.8,12259.6
171.4,1,120.302,23.4755,6006.43,0.48395,-17.2492,2.6408,141.87,1,7,13637.5,12243.8
171.5,1,120.302,23.4753,6006.11,0.483828,-17.3207,2.62888,141.767,1,7,13623.1,12228
171.6,1,120.302,23.4752,6005.79,0.483708,-17.3894,2.61796,141.664,1,7,13608.8,12212.2
171.7,1,120.302,23.4751,6005.45,0.483588,-17.4553,2.60802,141.56,1,7,13594.4,12196.3
171.8,1,120.302,23.475,6005.12,0.483468,-17.5184,2.59905,141.455,1,7,13580.1,12180.5
171.9,1,120.302,23.4749,6004.77,0.483349,-17.5788,2.59103,141.35,1,7,13565.7,12164.7
172,1,120.302,23.4748,6004.42,0.48323,-17.6363,2.58396,141.244,1,7,13551.4,12148.8
172.1,1,120.302,23.4746,6004.06,0.483112,-17.6911,2.57781,141.137,1,7,13537,12133
172.2,1,120.302,23.4745,6003.7,0.482995,-17.7432,2.57258,141.03,1,7,13522.7,12117.2
172.3,1,120.302,23.4744,6003.33,0.482877,-17.7925,2.56824,140.922,1,7,13508.3,12101.3
172.4,1,120.303,23.4743,6002.96,0.48276,-17.8391,2.56479,140.813,1,7,13494,12085.5
172.5,1,120.303,23.4742,6002.58,0.482643,-17.883,2.5622,140.704,1,7,13479.6,12069.7
172.6,1,120.303,23.4741,6002.2,0.482526,-17.9242,2.56047,140.595,1,7,13465.3,12053.8
172.7,1,120.303,23.4739,6001.81,0.48241,-17.9628,2.55958,140.485,1,7,13450.9,12038
172.8,1,120.303,23.4738,6001.43,0.482293,-17.9987,2.5595,140.374,1,7,13436.5,12022.1
172.9,1,120.303,23.4737,6001.03,0.482177,-18.0319,2.56023,140.263,1,7,13422.2,12006.3
173,1,120.303,23.4736,6000.64,0.48206,-18.0626,2.56175,140.152,1,7,13407.8,11990.4
173.1,1,120.303,23.4735,6000.24,0.481944,-18.0906,2.56405,140.04,1,7,13393.5,11974.6
173.2,1,120.303,23.4734,5999.84,0.481827,-18.116,2.5671,139.928,1,7,13379.1,11958.7
173.3,1,120.303,23.4733,5999.44,0.481711,-18.1384,2.57091,139.816,1,7,13364.8,11942.9
173.4,1,120.304,23.4731,5999.03,0.481594,-18.1564,2.57553,139.703,1,7,13350.4,11927
173.5,1,120.304,23.473,5998.63,0.481478,-18.1708,2.58094,139.59,1,7,13336.1,11911.2
173.6,1,120.304,23.4729,5998.22,0.481362,-18.1822,2.5871,139.477,1,7,13321.7,11895.3
173.7,1,120.304,23.4728,5997.81,0.481246,-18.1909,2.59398,139.364,1,7,13307.4,11879.4
173.8,1,120.304,23.4727,5997.4,0.48113,-18.197,2.60155,139.251,1,7,13293,11863.6
173.9,1,120.304,23.4726,5996.99,0.481015,-18.2006,2.60977,139.137,1,7,13278.7,11847.7
174,1,120.304,23.4725,5996.58,0.480899,-18.202,2.61863,139.023,1,7,13264.3,11831.8
174.1,1,120.304,23.4724,5996.17,0.480783,-18.2011,2.6281,138.91,1,7,13250,11816
174.2,1,120.304,23.4722,5995.75,0.480667,-18.1979,2.63815,138.796,1,7,13235.6,11800.1
174.3,1,120.304,23.4721,5995.34,0.480551,-18.1926,2.64877,138.682,1,7,13221.3,11784.2
174.4,1,120.305,23.472,5994.93,0.480435,-18.1852,2.65994,138.568,1,7,13207,11768.3
174.5,1,120.305,23.4719,5994.52,0.480319,-18.1757,2.67163,138.454,1,7,13192.6,11752.5
174.6,1,120.305,23.4718,5994.11,0.480202,-18.1641,2.68383,138.34,1,7,13178.3,11736.6
174.7,1,120.305,23.4717,5993.7,0.480086,-18.1505,2.69652,138.225,1,7,13164,11720.7
174.8,1,120.305,23.4716,5993.3,0.479969,-18.135,2.70968,138.111,1,7,13149.6,11704.8
174.9,1,120.305,23.4715,5992.89,0.479851,-18.1175,2.7233,137.997,1,7,13135.3,11688.9
175,1,120.305,23.4714,5992.49,0.479733,-18.0982,2.73736,137.883,1,7,13121,11673
175.1,1,120.305,23.4712,5992.09,0.479615,-18.0769,2.75185,137.769,1,7,13106.7,11657.2
175.2,1,120.305,23.4711,5991.69,0.479497,-18.0538,2.76673,137.655,1,7,13092.3,11641.3
175.3,1,120.305,23.471,5991.29,0.479378,-18.0289,2.78201,137.541,1,7,13078,11625.4
175.4,1,120.306,23.4709,5990.89,0.479259,-18.0022,2.79766,137.427,1,7,13063.7,11609.5
175.5,1,120.306,23.4708,5990.5,0.479139,-17.9738,2.81367,137.313,1,7,13049.4,11593.6
175.6,1,120.306,23.4707,5990.11,0.479019,-17.9437,2.83002,137.199,1,7,13035.1,11577.7
175.7,1,120.306,23.4706,5989.72,0.478898,-17.9118,2.8467,137.085,1,7,13020.8,11561.8
175.8,1,120.306,23.4705,5989.33,0.478776,-17.8783,2.86369,136.972,1,7,13006.5,11545.9
175.9,1,120.306,23.4704,5988.95,0.478655,-17.8432,2.88098,136.859,1,7,12992.2,11530
176,1,120.306,23.4703,5988.57,0.478532,-17.8065,2.89854,136.746,1,7,12977.9,11514.1
176.1,1,120.306,23.4701,5988.2,0.478409,-17.7681,2.91637,136.633,1,7,12963.6,11498.2
176.2,1,120.306,23.47,5987.83,0.478285,-17.7283,2.93445,136.52,1,7,12949.3,11482.3
176.3,1,120.307,23.4699,5987.46,0.478161,-17.6869,2.95277,136.407,1,7,12935.1,11466.3
176.4,1,120.307,23.4698,5987.09,0.478037,-17.644,2.97131,136.295,1,7,12920.8,11450.4
176.5,1,120.307,23.4697,5986.73,0.477915,-17.5996,2.99006,136.183,1,7,12906.5,11434.5
176.6,1,120.307,23.4696,5986.38,0.477795,-17.5539,3.009,136.071,1,7,12892.3,11418.6
176.7,1,120.307,23.4695,5986.02,0.477676,-17.5067,3.02813,135.96,1,7,12878,11402.7
176.8,1,120.307,23.4694,5985.67,0.477559,-17.4582,3.04742,135.849,1,7,12863.7,11386.8
176.9,1,120.307,23.4693,5985.33,0.477443,-17.4084,3.06687,135.738,1,7,12849.5,11370.9
177,1,120.307,23.4692,5984.99,0.477329,-17.3573,3.08647,135.627,1,7,12835.2,11354.9
177.1,1,120.307,23.4691,5984.65,0.477216,-17.3049,3.1062,135.517,1,7,12821,11339
177.2,1,120.308,23.469,5984.32,0.477104,-17.2513,3.12604,135.407,1,7,12806.8,11323.1
177.3,1,120.308,23.4689,5984,0.476994,-17.1966,3.146,135.298,1,7,12792.5,11307.2
177.4,1,120.308,23.4688,5983.68,0.476885,-17.1407,3.16605,135.189,1,7,12778.3,11291.3
177.5,1,120.308,23.4687,5983.36,0.476777,-17.0836,3.18618,135.08,1,7,12764.1,11275.3
177.6,1,120.308,23.4685,5983.05,0.476671,-17.0254,3.20639,134.972,1,7,12749.9,11259.4
177.7,1,120.308,23.4684,5982.74,0.476565,-16.9662,3.22666,134.864,1,7,12735.7,11243.5
177.8,1,120.308,23.4683,5982.44,0.476461,-16.9059,3.24698,134.756,1,7,12721.5,11227.6
177.9,1,120.308,23.4682,5982.14,0.476358,-16.8446,3.26734,134.649,1,7,12707.3,11211.6
178,1,120.308,23.4681,5981.85,0.476256,-16.7822,3.28773,134.542,1,7,12693.1,11195.7
178.1,1,120.309,23.468,5981.56,0.476156,-16.7189,3.30814,134.436,1,7,12678.9,11179.8
178.2,1,120.309,23.4679,5981.28,0.476056,-16.6546,3.32856,134.33,1,7,12664.7,11163.8
178.3,1,120.309,23.4678,5981,0.475957,-16.5894,3.34897,134.225,1,7,12650.5,11147.9
178.4,1,120.309,23.4677,5980.73,0.475859,-16.5233,3.36938,134.12,1,7,12636.3,11132
178.5,1,120.309,23.4676,5980.47,0.475762,-16.4563,3.38976,134.016,1,7,12622.2,11116
178.6,1,120.309,23.4675,5980.21,0.475666,-16.3884,3.41011,133.912,1,7,12608,11100.1
178.7,1,120.309,23.4674,5979.95,0.475571,-16.3197,3.43043,133.809,1,7,12593.9,11084.2
178.8,1,120.309,23.4673,5979.7,0.475477,-16.2502,3.45069,133.706,1,7,12579.7,11068.2
178.9,1,120.309,23.4672,5979.46,0.475383,-16.1798,3.4709,133.603,1,7,12565.6,11052.3
179,1,120.31,23.4671,5979.22,0.475291,-16.1087,3.49104,133.501,1,7,12551.4,11036.3
179.1,1,120.31,23.467,5978.99,0.475199,-16.0368,3.51111,133.4,1,7,12537.3,11020.4
179.2,1,120.31,23.4669,5978.76,0.475108,-15.9642,3.5311,133.299,1,7,12523.2,11004.4
179.3,1,120.31,23.4668,5978.54,0.475017,-15.8909,3.55099,133.199,1,7,12509.1,10988.5
179.4,1,120.31,23.4667,5978.32,0.474928,-15.8168,3.57078,133.099,1,7,12494.9,10972.6
179.5,1,120.31,23.4666,5978.11,0.474839,-15.7421,3.59047,133,1,7,12480.8,10956.6
179.6,1,120.31,23.4665,5977.91,0.474751,-15.6667,3.61004,132.902,1,7,12466.7,10940.7
179.7,1,120.31,23.4664,5977.71,0.474663,-15.5907,3.62948,132.804,1,7,12452.6,10924.7
179.8,1,120.31,23.4663,5977.51,0.474576,-15.5141,3.6488,132.706,1,7,12438.6,10908.8
179.9,1,120.311,23.4662,5977.32,0.47449,-15.4369,3.66798,132.609,1,7,12424.5,10892.8
180,1,120.311,23.4661,5977.14,0.474404,-15.3591,3.68702,132.513,1,7,12410.4,10876.9
180.1,1,120.311,23.466,5976.96,0.474319,-15.2807,3.7059,132.417,1,7,12396.3,10860.9
180.2,1,120.311,23.4659,5976.79,0.474234,-15.2018,3.72463,132.322,1,7,12382.3,10845
180.3,1,120.311,23.4658,5976.62,0.47415,-15.1224,3.7432,132.228,1,7,12368.2,10829
180.4,1,120.311,23.4657,5976.46,0.474068,-15.0425,3.76159,132.134,1,7,12354.2,10813.1
180.5,1,120.311,23.4656,5976.3,0.473987,-14.9621,3.77982,132.04,1,7,12340.1,10797.1
180.6,1,120.311,23.4655,5976.15,0.473907,-14.8812,3.79786,131.947,1,7,12326.1,10781.1
180.7,1,120.311,23.4654,5976.01,0.473828,-14.7999,3.81572,131.855,1,7,12312.1,10765.2
180.8,1,120.312,23.4653,5975.87,0.47375,-14.7182,3.83338,131.764,1,7,12298,10749.2
180.9,1,120.312,23.4652,5975.73,0.473674,-14.6361,3.85086,131.673,1,7,12284,10733.3
181,1,120.312,23.4651,5975.6,0.473598,-14.5535,3.86813,131.583,1,7,12270,10717.3
181.1,1,120.312,23.465,5975.48,0.473524,-14.4707,3.8852,131.493,1,7,12256,10701.4
181.2,1,120.312,23.4649,5975.36,0.47345,-14.3875,3.90206,131.404,1,7,12242,10685.4
181.3,1,120.312,23.4648,5975.25,0.473377,-14.3039,3.91872,131.315,1,7,12228,10669.5
181.4,1,120.312,23.4647,5975.14,0.473306,-14.22,3.93515,131.228,1,7,12214.1,10653.5
181.5,1,120.312,23.4646,5975.04,0.473235,-14.1359,3.95137,131.14,1,7,12200.1,10637.5
181.6,1,120.313,23.4645,5974.94,0.473165,-14.0514,3.96737,131.054,1,7,12186.1,10621.6
181.7,1,120.313,23.4644,5974.84,0.473096,-13.9667,3.98314,130.968,1,7,12172.2,10605.6
181.8,1,120.313,23.4643,5974.75,0.473027,-13.8818,3.99868,130.882,1,7,12158.2,10589.7
181.9,1,120.313,23.4642,5974.67,0.47296,-13.7966,4.014,130.798,1,7,12144.3,10573.7
182,1,120.313,23.4641,5974.59,0.472893,-13.7112,4.02908,130.714,1,7,12130.3,10557.7
182.1,1,120.313,23.464,5974.52,0.472827,-13.6256,4.04392,130.63,1,7,12116.4,10541.8
182.2,1,120.313,23.4639,5974.45,0.472761,-13.5398,4.05853,130.547,1,7,12102.5,10525.8
182.3,1,120.313,23.4638,5974.38,0.472696,-13.4538,4.07289,130.465,1,7,12088.6,10509.8
182.4,1,120.313,23.4637,5974.32,0.472632,-13.3677,4.08702,130.384,1,7,12074.6,10493.9
182.5,1,120.314,23.4636,5974.27,0.472569,-13.2815,4.1009,130.303,1,7,12060.7,10477.9
182.6,1,120.314,23.4635,5974.22,0.472506,-13.1951,4.11453,130.222,1,7,12046.9,10462
182.7,1,120.314,23.4634,5974.17,0.472444,-13.1086,4.12792,130.143,1,7,12033,10446
182.8,1,120.314,23.4634,5974.13,0.472382,-13.022,4.14107,130.064,1,7,12019.1,10430
182.9,1,120.314,23.4633,5974.09,0.472321,-12.9352,4.15396,129.985,1,7,12005.2,10414.1
183,1,120.314,23.4632,5974.06,0.47226,-12.8485,4.1666,129.908,1,7,11991.3,10398.1
183.1,1,120.314,23.4631,5974.03,0.4722,-12.7616,4.17899,129.83,1,7,11977.5,10382.1
183.2,1,120.314,23.463,5974,0.472141,-12.6747,4.19114,129.754,1,7,11963.6,10366.2
183.3,1,120.315,23.4629,5973.98,0.472082,-12.5878,4.20303,129.678,1,7,11949.8,10350.2
183.4,1,120.315,23.4628,5973.97,0.472023,-12.5011,4.21466,129.603,1,7,11935.9,10334.2
183.5,1,120.315,23.4627,5973.95,0.471965,-12.4153,4.22605,129.528,1,7,11922.1,10318.3
183.6,1,120.315,23.4626,5973.94,0.471907,-12.3298,4.23718,129.454,1,7,11908.3,10302.3
183.7,1,120.315,23.4625,5973.94,0.47185,-12.2444,4.24805,129.38,1,7,11894.5,10286.4
183.8,1,120.315,23.4624,5973.94,0.471793,-12.159,4.25863,129.307,1,7,11880.7,10270.4
183.9,1,120.315,23.4623,5973.94,0.471737,-12.0736,4.26888,129.235,1,7,11866.9,10254.4
184,1,120.315,23.4622,5973.94,0.471681,-11.9882,4.27881,129.163,1,7,11853.1,10238.5
184.1,1,120.315,23.4621,5973.95,0.471626,-11.9028,4.28845,129.092,1,7,11839.3,10222.5
184.2,1,120.316,23.462,5973.97,0.47157,-11.8173,4.2978,129.022,1,7,11825.5,10206.5
184.3,1,120.316,23.4619,5973.98,0.471516,-11.7318,4.30686,128.952,1,7,11811.7,10190.6
184.4,1,120.316,23.4619,5974,0.471461,-11.6463,4.31565,128.883,1,7,11798,10174.6
184.5,1,120.316,23.4618,5974.02,0.471407,-11.5609,4.32417,128.814,1,7,11784.2,10158.6
184.6,1,120.316,23.4617,5974.05,0.471354,-11.4754,4.33243,128.746,1,7,11770.5,10142.7
184.7,1,120.316,23.4616,5974.08,0.4713,-11.3899,4.34043,128.679,1,7,11756.7,10126.7
184.8,1,120.316,23.4615,5974.11,0.471247,-11.3045,4.34817,128.612,1,7,11743,10110.8
184.9,1,120.316,23.4614,5974.14,0.471195,-11.2192,4.35566,128.545,1,7,11729.3,10094.8
185,1,120.317,23.4613,5974.18,0.471142,-11.134,4.3629,128.48,1,7,11715.5,10078.8
185.1,1,120.317,23.4612,5974.22,0.47109,-11.0488,4.3699,128.415,1,7,11701.8,10062.9
185.2,1,120.317,23.4611,5974.27,0.471039,-10.9637,4.37666,128.35,1,7,11688.1,10046.9
185.3,1,120.317,23.461,5974.31,0.470987,-10.8788,4.38318,128.286,1,7,11674.4,10031
185.4,1,120.317,23.4609,5974.36,0.470936,-10.7939,4.38947,128.223,1,7,11660.7,10015
185.5,1,120.317,23.4608,5974.41,0.470885,-10.7092,4.39553,128.16,1,7,11647,9999.03
185.6,1,120.317,23.4608,5974.46,0.470835,-10.6247,4.40136,128.098,1,7,11633.4,9983.07
185.7,1,120.317,23.4607,5974.52,0.470785,-10.5402,4.40696,128.036,1,7,11619.7,9967.11
185.8,1,120.318,23.4606,5974.58,0.470735,-10.456,4.41235,127.975,1,7,11606,9951.15
185.9,1,120.318,23.4605,5974.63,0.470685,-10.3719,4.41752,127.914,1,7,11592.4,9935.19
186,1,120.318,23.4604,5974.7,0.470636,-10.288,4.42247,127.854,1,7,11578.7,9919.24
186.1,1,120.318,23.4603,5974.76,0.470587,-10.2043,4.42721,127.795,1,7,11565.1,9903.28
186.2,1,120.318,23.4602,5974.83,0.470538,-10.1208,4.43175,127.736,1,7,11551.5,9887.32
186.3,1,120.318,23.4601,5974.89,0.47049,-10.0375,4.43608,127.678,1,7,11537.8,9871.37
186.4,1,120.318,23.46,5974.96,0.470442,-9.95436,4.44021,127.62,1,7,11524.2,9855.41
186.5,1,120.318,23.4599,5975.03,0.470394,-9.87147,4.44415,127.562,1,7,11510.6,9839.45
186.6,1,120.319,23.4599,5975.11,0.470346,-9.78881,4.44789,127.506,1,7,11497,9823.5
186.7,1,120.319,23.4598,5975.18,0.470299,-9.70637,4.45144,127.45,1,7,11483.4,9807.55
186.8,1,120.319,23.4597,5975.26,0.470252,-9.62417,4.45481,127.394,1,7,11469.8,9791.59
186.9,1,120.319,23.4596,5975.34,0.470205,-9.54221,4.45799,127.339,1,7,11456.2,9775.64
187,1,120.319,23.4595,5975.42,0.470159,-9.46049,4.46099,127.284,1,7,11442.7,9759.69
187.1,1,120.319,23.4594,5975.5,0.470112,-9.37903,4.46382,127.23,1,7,11429.1,9743.73
187.2,1,120.319,23.4593,5975.58,0.470066,-9.29782,4.46647,127.177,1,7,11415.5,9727.78
187.3,1,120.319,23.4592,5975.66,0.470021,-9.21687,4.46896,127.124,1,7,11402,9711.83
187.4,1,120.32,23.4591,5975.74,0.469975,-9.13618,4.47128,127.071,1,7,11388.4,9695.88
187.5,1,120.32,23.4591,5975.83,0.46993,-9.05577,4.47345,127.019,1,7,11374.9,9679.93
187.6,1,120.32,23.459,5975.92,0.469885,-8.97563,4.47545,126.968,1,7,11361.4,9663.99
187.7,1,120.32,23.4589,5976,0.469841,-8.89576,4.4773,126.917,1,7,11347.9,9648.04
187.8,1,120.32,23.4588,5976.09,0.469796,-8.81618,4.479,126.866,1,7,11334.3,9632.09
187.9,1,120.32,23.4587,5976.18,0.469752,-8.73688,4.48056,126.816,1,7,11320.8,9616.15
188,1,120.32,23.4586,5976.27,0.469708,-8.65786,4.48197,126.767,1,7,11307.3,9600.2
188.1,1,120.32,23.4585,5976.36,0.469664,-8.57914,4.48324,126.718,1,7,11293.8,9584.26
188.2,1,120.32,23.4584,5976.45,0.469621,-8.50071,4.48438,126.669,1,7,11280.4,9568.31
188.3,1,120.321,23.4583,5976.55,0.469578,-8.42257,4.48539,126.621,1,7,11266.9,9552.37
188.4,1,120.321,23.4583,5976.64,0.469535,-8.34473,4.48626,126.574,1,7,11253.4,9536.43
188.5,1,120.321,23.4582,5976.73,0.469493,-8.2672,4.48702,126.527,1,7,11239.9,9520.48
188.6,1,120.321,23.4581,5976.83,0.46945,-8.18997,4.48765,126.48,1,7,11226.5,9504.54
188.7,1,120.321,23.458,5976.92,0.469408,-8.11304,4.48816,126.434,1,7,11213,9488.6
188.8,1,120.321,23.4579,5977.02,0.469367,-8.03642,4.48856,126.389,1,7,11199.6,9472.66
188.9,1,120.321,23.4578,5977.11,0.469325,-7.96011,4.48885,126.343,1,7,11186.2,9456.72
189,1,120.321,23.4577,5977.21,0.469284,-7.88412,4.48904,126.299,1,7,11172.7,9440.79
189.1,1,120.322,23.4577,5977.3,0.469243,-7.80843,4.48911,126.255,1,7,11159.3,9424.85
189.2,1,120.322,23.4576,5977.4,0.469202,-7.73307,4.48909,126.211,1,7,11145.9,9408.91
189.3,1,120.322,23.4575,5977.5,0.469162,-7.65802,4.48898,126.168,1,7,11132.5,9392.98
189.4,1,120.322,23.4574,5977.59,0.469122,-7.58329,4.48877,126.125,1,7,11119.1,9377.04
189.5,1,120.322,23.4573,5977.69,0.469082,-7.50887,4.48847,126.082,1,7,11105.7,9361.11
189.6,1,120.322,23.4572,5977.79,0.469042,-7.43478,4.48808,126.04,1,7,11092.4,9345.18
189.7,1,120.322,23.4571,5977.89,0.469003,-7.36102,4.48761,125.999,1,7,11079,9329.25
189.8,1,120.322,23.457,5977.98,0.468964,-7.28757,4.48706,125.958,1,7,11065.6,9313.31
189.9,1,120.323,23.457,5978.08,0.468925,-7.21445,4.48643,125.917,1,7,11052.3,9297.38
190,1,120.323,23.4569,5978.18,0.468886,-7.14166,4.48573,125.877,1,7,11038.9,9281.46
190.1,1,120.323,23.4568,5978.28,0.468848,-7.0692,4.48496,125.838,1,7,11025.6,9265.53
190.2,1,120.323,23.4567,5978.37,0.46881,-6.99706,4.48412,125.798,1,7,11012.2,9249.6
190.3,1,120.323,23.4566,5978.47,0.468772,-6.92525,4.48322,125.759,1,7,10998.9,9233.67
190.4,1,120.323,23.4565,5978.57,0.468735,-6.85378,4.48226,125.721,1,7,10985.6,9217.75
190.5,1,120.323,23.4565,5978.66,0.468697,-6.78263,4.48123,125.683,1,7,10972.3,9201.82
190.6,1,120.323,23.4564,5978.76,0.46866,-6.71182,4.48015,125.646,1,7,10959,9185.9
190.7,1,120.324,23.4563,5978.86,0.468624,-6.64134,4.47902,125.608,1,7,10945.7,9169.97
190.8,1,120.324,23.4562,5978.95,0.468587,-6.57119,4.47784,125.572,1,7,10932.4,9154.05
190.9,1,120.324,23.4561,5979.05,0.468551,-6.50137,4.47661,125.535,1,7,10919.1,9138.13
191,1,120.324,23.456,5979.14,0.468515,-6.43189,4.47534,125.499,1,7,10905.8,9122.21
191.1,1,120.324,23.4559,5979.24,0.46848,-6.36275,4.47403,125.464,1,7,10892.5,9106.29
191.2,1,120.324,23.4559,5979.33,0.468445,-6.29394,4.47267,125.429,1,7,10879.3,9090.37
191.3,1,120.324,23.4558,5979.43,0.46841,-6.22546,4.47128,125.394,1,7,10866,9074.45
191.4,1,120.324,23.4557,5979.52,0.468375,-6.15733,4.46986,125.36,1,7,10852.8,9058.53
191.5,1,120.325,23.4556,5979.62,0.46834,-6.08953,4.4684,125.326,1,7,10839.6,9042.62
191.6,1,120.325,23.4555,5979.71,0.468306,-6.02206,4.46692,125.293,1,7,10826.3,9026.7
191.7,1,120.325,23.4554,5979.8,0.468272,-5.95494,4.46541,125.26,1,7,10813.1,9010.79
191.8,1,120.325,23.4554,5979.9,0.468238,-5.88815,4.46387,125.227,1,7,10799.9,8994.87
191.9,1,120.325,23.4553,5979.99,0.468205,-5.8217,4.46231,125.195,1,7,10786.7,8978.96
192,1,120.325,23.4552,5980.08,0.468172,-5.75559,4.46074,125.163,1,7,10773.5,8963.05
192.1,1,120.325,23.4551,5980.17,0.468139,-5.68982,4.45914,125.131,1,7,10760.3,8947.14
192.2,1,120.326,23.455,5980.26,0.468106,-5.62439,4.45753,125.1,1,7,10747.1,8931.23
192.3,1,120.326,23.4549,5980.35,0.468074,-5.5593,4.45591,125.07,1,7,10733.9,8915.32
192.4,1,120.326,23.4548,5980.44,0.468042,-5.49455,4.45427,125.039,1,7,10720.8,8899.41
192.5,1,120.326,23.4548,5980.53,0.46801,-5.43014,4.45263,125.009,1,7,10707.6,8883.5
192.6,1,120.326,23.4547,5980.62,0.467979,-5.36607,4.45097,124.98,1,7,10694.5,8867.59
192.7,1,120.326,23.4546,5980.7,0.467947,-5.30234,4.44932,124.951,1,7,10681.3,8851.69
192.8,1,120.326,23.4545,5980.79,0.467916,-5.23895,4.44765,124.922,1,7,10668.2,8835.78
192.9,1,120.326,23.4544,5980.88,0.467886,-5.1759,4.44599,124.893,1,7,10655.1,8819.88
193,1,120.327,23.4543,5980.96,0.467855,-5.1132,4.44432,124.865,1,7,10641.9,8803.98
193.1,1,120.327,23.4543,5981.05,0.467825,-5.05083,4.44265,124.837,1,7,10628.8,8788.07
193.2,1,120.327,23.4542,5981.13,0.467795,-4.98881,4.44099,124.81,1,7,10615.7,8772.17
193.3,1,120.327,23.4541,5981.22,0.467765,-4.92713,4.43933,124.783,1,7,10602.6,8756.27
193.4,1,120.327,23.454,5981.3,0.467736,-4.86579,4.43767,124.756,1,7,10589.5,8740.37
193.5,1,120.327,23.4539,5981.39,0.467707,-4.80479,4.43603,124.73,1,7,10576.5,8724.47
193.6,1,120.327,23.4539,5981.47,0.467678,-4.74413,4.43438,124.704,1,7,10563.4,8708.57
193.7,1,120.327,23.4538,5981.55,0.467649,-4.68382,4.43275,124.679,1,7,10550.3,8692.67
193.8,1,120.328,23.4537,5981.63,0.467621,-4.62385,4.43113,124.653,1,7,10537.3,8676.78
193.9,1,120.328,23.4536,5981.71,0.467592,-4.56422,4.42952,124.628,1,7,10524.2,8660.88
194,1,120.328,23.4535,5981.79,0.467564,-4.50493,4.42792,124.604,1,7,10511.2,8644.99
194.1,1,120.328,23.4534,5981.87,0.467537,-4.44599,4.42633,124.58,1,7,10498.2,8629.09
194.2,1,120.328,23.4534,5981.95,0.467509,-4.38739,4.42476,124.556,1,7,10485.1,8613.2
194.3,1,120.328,23.4533,5982.03,0.467482,-4.32913,4.4232,124.532,1,7,10472.1,8597.31
194.4,1,120.328,23.4532,5982.1,0.467455,-4.27121,4.42166,124.509,1,7,10459.1,8581.41
194.5,1,120.328,23.4531,5982.18,0.467428,-4.21364,4.42014,124.486,1,7,10446.1,8565.52
194.6,1,120.329,23.453,5982.26,0.467402,-4.15641,4.41863,124.464,1,7,10433.1,8549.63
194.7,1,120.329,23.4529,5982.33,0.467376,-4.09953,4.41714,124.442,1,7,10420.1,8533.74
194.8,1,120.329,23.4529,5982.41,0.46735,-4.04298,4.41568,124.42,1,7,10407.2,8517.85
194.9,1,120.329,23.4528,5982.48,0.467324,-3.98678,4.41423,124.398,1,7,10394.2,8501.97
195,1,120.329,23.4527,5982.55,0.467298,-3.93093,4.4128,124.377,1,7,10381.2,8486.08
195.1,1,120.329,23.4526,5982.63,0.467273,-3.87541,4.4114,124.356,1,7,10368.3,8470.19
195.2,1,120.329,23.4525,5982.7,0.467248,-3.82024,4.41002,124.336,1,7,10355.4,8454.31
195.3,1,120.329,23.4525,5982.77,0.467223,-3.76541,4.40866,124.315,1,7,10342.4,8438.42
195.4,1,120.33,23.4524,5982.84,0.467199,-3.71093,4.40732,124.296,1,7,10329.5,8422.54
195.5,1,120.33,23.4523,5982.91,0.467174,-3.65679,4.40601,124.276,1,7,10316.6,8406.66
195.6,1,120.33,23.4522,5982.98,0.46715,-3.60299,4.40472,124.257,1,7,10303.7,8390.77
195.7,1,120.33,23.4521,5983.05,0.467126,-3.54954,4.40345,124.238,1,7,10290.8,8374.89
195.8,1,120.33,23.452,5983.12,0.467102,-3.49643,4.40222,124.219,1,7,10277.9,8359.01
195.9,1,120.33,23.452,5983.19,0.467079,-3.44366,4.401,124.201,1,7,10265,8343.13
196,1,120.33,23.4519,5983.25,0.467055,-3.39124,4.39982,124.183,1,7,10252.2,8327.25
196.1,1,120.33,23.4518,5983.32,0.467032,-3.33916,4.39865,124.165,1,7,10239.3,8311.37
196.2,1,120.331,23.4517,5983.39,0.467009,-3.28742,4.39752,124.147,1,7,10226.4,8295.49
196.3,1,120.331,23.4516,5983.45,0.466987,-3.23603,4.39641,124.13,1,7,10213.6,8279.62
196.4,1,120.331,23.4516,5983.52,0.466964,-3.18498,4.39533,124.113,1,7,10200.8,8263.74
196.5,1,120.331,23.4515,5983.58,0.466942,-3.13427,4.39427,124.097,1,7,10187.9,8247.86
196.6,1,120.331,23.4514,5983.65,0.46692,-3.0839,4.39325,124.08,1,7,10175.1,8231.99
196.7,1,120.331,23.4513,5983.71,0.466898,-3.03388,4.39225,124.064,1,7,10162.3,8216.11
196.8,1,120.331,23.4512,5983.77,0.466876,-2.9842,4.39127,124.049,1,7,10149.5,8200.24
196.9,1,120.331,23.4512,5983.84,0.466854,-2.93487,4.39033,124.033,1,7,10136.7,8184.37
197,1,120.332,23.4511,5983.9,0.466833,-2.88588,4.38941,124.018,1,7,10123.9,8168.49
197.1,1,120.332,23.451,5983.96,0.466812,-2.83722,4.38852,124.003,1,7,10111.1,8152.62
197.2,1,120.332,23.4509,5984.02,0.466791,-2.78892,4.38766,123.989,1,7,10098.4,8136.75
197.3,1,120.332,23.4508,5984.08,0.46677,-2.74109,4.38683,123.974,1,7,10085.6,8120.88
197.4,1,120.332,23.4507,5984.14,0.46675,-2.69444,4.38602,123.96,1,7,10072.9,8105.01
197.5,1,120.332,23.4507,5984.2,0.466729,-2.64859,4.38524,123.947,1,7,10060.1,8089.14
197.6,1,120.332,23.4506,5984.26,0.466709,-2.60322,4.38449,123.933,1,7,10047.4,8073.27
197.7,1,120.333,23.4505,5984.32,0.466689,-2.55818,4.38377,123.92,1,7,10034.7,8057.41
197.8,1,120.333,23.4504,5984.37,0.466669,-2.5134,4.38307,123.907,1,7,10022,8041.54
197.9,1,120.333,23.4503,5984.43,0.466649,-2.46886,4.3824,123.894,1,7,10009.3,8025.67
198,1,120.333,23.4503,5984.49,0.46663,-2.42456,4.38176,123.882,1,7,9996.59,8009.81
198.1,1,120.333,23.4502,5984.55,0.46661,-2.38049,4.38115,123.869,1,7,9983.91,7993.94
198.2,1,120.333,23.4501,5984.6,0.466591,-2.33666,4.38056,123.857,1,7,9971.24,7978.08
198.3,1,120.333,23.45,5984.66,0.466572,-2.29308,4.38,123.846,1,7,9958.57,7962.22
198.4,1,120.333,23.4499,5984.71,0.466553,-2.24975,4.37947,123.834,1,7,9945.92,7946.35
198.5,1,120.334,23.4499,5984.77,0.466534,-2.20668,4.37896,123.823,1,7,9933.28,7930.49
198.6,1,120.334,23.4498,5984.82,0.466516,-2.16387,4.37848,123.812,1,7,9920.64,7914.63
198.7,1,120.334,23.4497,5984.88,0.466497,-2.12133,4.37802,123.801,1,7,9908.02,7898.77
198.8,1,120.334,23.4496,5984.93,0.466479,-2.07906,4.37759,123.791,1,7,9895.4,7882.91
198.9,1,120.334,23.4495,5984.98,0.466461,-2.03707,4.37718,123.78,1,7,9882.79,7867.05
199,1,120.334,23.4495,5985.04,0.466442,-1.99537,4.3768,123.77,1,7,9870.2,7851.19
199.1,1,120.334,23.4494,5985.09,0.466425,-1.95395,4.37645,123.761,1,7,9857.61,7835.33
199.2,1,120.334,23.4493,5985.14,0.466407,-1.91282,4.37612,123.751,1,7,9845.03,7819.47
199.3,1,120.335,23.4492,5985.19,0.466389,-1.87198,4.37581,123.742,1,7,9832.46,7803.61
199.4,1,120.335,23.4491,5985.25,0.466372,-1.83144,4.37553,123.733,1,7,9819.91,7787.76
199.5,1,120.335,23.4491,5985.3,0.466354,-1.7912,4.37527,123.724,1,7,9807.36,7771.9
199.6,1,120.335,23.449,5985.35,0.466337,-1.75125,4.37503,123.715,1,7,9794.82,7756.04
199.7,1,120.335,23.4489,5985.4,0.46632,-1.71161,4.37481,123.707,1,7,9782.29,7740.19
199.8,1,120.335,23.4488,5985.45,0.466303,-1.67228,4.37462,123.699,1,7,9769.77,7724.33
199.9,1,120.335,23.4487,5985.5,0.466286,-1.63325,4.37445,123.691,1,7,9757.26,7708.48
200,1,120.335,23.4487,5985.55,0.466269,-1.59453,4.3743,123.683,1,7,9744.77,7692.63
200.1,1,120.336,23.4486,5985.6,0.466253,-1.55612,4.37418,123.676,1,7,9732.28,7676.77
200.2,1,120.336,23.4485,5985.65,0.466236,-1.51802,4.37407,123.669,1,7,9719.8,7660.92
200.3,1,120.336,23.4484,5985.7,0.46622,-1.48024,4.37399,123.662,1,7,9707.33,7645.07
200.4,1,120.336,23.4483,5985.75,0.466204,-1.44276,4.37392,123.655,1,7,9694.87,7629.22
200.5,1,120.336,23.4483,5985.79,0.466187,-1.4056,4.37388,123.648,1,7,9682.42,7613.37
200.6,1,120.336,23.4482,5985.84,0.466171,-1.36876,4.37385,123.642,1,7,9669.99,7597.52
200.7,1,120.336,23.4481,5985.89,0.466155,-1.33222,4.37385,123.636,1,7,9657.56,7581.67
200.8,1,120.336,23.448,5985.94,0.466139,-1.29601,4.37386,123.63,1,7,9645.14,7565.82
200.9,1,120.337,23.4479,5985.99,0.466124,-1.26011,4.37389,123.624,1,7,9632.74,7549.97
201,1,120.337,23.4479,5986.03,0.466108,-1.22452,4.37394,123.618,1,7,9620.34,7534.12
201.1,1,120.337,23.4478,5986.08,0.466093,-1.18925,4.374,123.613,1,7,9607.95,7518.28
201.2,1,120.337,23.4477,5986.13,0.466077,-1.1543,4.37409,123.608,1,7,9595.58,7502.43
201.3,1,120.337,23.4476,5986.18,0.466062,-1.11966,4.37419,123.603,1,7,9583.21,7486.58
201.4,1,120.337,23.4475,5986.22,0.466046,-1.08534,4.3743,123.598,1,7,9570.86,7470.74
201.5,1,120.337,23.4475,5986.27,0.466031,-1.05133,4.37443,123.594,1,7,9558.51,7454.89
201.6,1,120.338,23.4474,5986.32,0.466016,-1.01764,4.37458,123.589,1,7,9546.18,7439.05
201.7,1,120.338,23.4473,5986.36,0.466001,-0.984267,4.37474,123.585,1,7,9533.86,7423.2
201.8,1,120.338,23.4472,5986.41,0.465986,-0.951206,4.37492,123.581,1,7,9521.55,7407.36
201.9,1,120.338,23.4471,5986.45,0.465971,-0.91846,4.37511,123.577,1,7,9509.24,7391.52
202,1,120.338,23.4471,5986.5,0.465957,-0.886027,4.37531,123.574,1,7,9496.95,7375.68
202.1,1,120.338,23.447,5986.55,0.465942,-0.853907,4.37553,123.57,1,7,9484.67,7359.83
202.2,1,120.338,23.4469,5986.59,0.465927,-0.8221,4.37576,123.567,1,7,9472.41,7343.99
202.3,1,120.338,23.4468,5986.64,0.465913,-0.790606,4.376,123.564,1,7,9460.15,7328.15
202.4,1,120.339,23.4468,5986.68,0.465898,-0.759423,4.37626,123.561,1,7,9447.9,7312.31
202.5,1,120.339,23.4467,5986.73,0.465884,-0.72855,4.37653,123.558,1,7,9435.67,7296.47
202.6,1,120.339,23.4466,5986.77,0.46587,-0.697988,4.3768,123.556,1,7,9423.44,7280.63
202.7,1,120.339,23.4465,5986.82,0.465855,-0.667734,4.37709,123.554,1,7,9411.23,7264.79
202.8,1,120.339,23.4464,5986.86,0.465841,-0.63779,4.37739,123.551,1,7,9399.02,7248.95
202.9,1,120.339,23.4464,5986.91,0.465827,-0.608152,4.3777,123.549,1,7,9386.83,7233.12
203,1,120.339,23.4463,5986.95,0.465813,-0.578822,4.37802,123.548,1,7,9374.65,7217.28
203.1,1,120.339,23.4462,5987,0.465799,-0.549797,4.37835,123.546,1,7,9362.48,7201.44
203.2,1,120.34,23.4461,5987.04,0.465785,-0.521077,4.37869,123.544,1,7,9350.33,7185.6
203.3,1,120.34,23.446,5987.09,0.465771,-0.492662,4.37903,123.543,1,7,9338.18,7169.77
203.4,1,120.34,23.446,5987.13,0.465758,-0.464549,4.37939,123.542,1,7,9326.04,7153.93
203.5,1,120.34,23.4459,5987.18,0.465744,-0.436738,4.37975,123.541,1,7,9313.92,7138.1
203.6,1,120.34,23.4458,5987.22,0.46573,-0.409228,4.38012,123.54,1,7,9301.81,7122.26
203.7,1,120.34,23.4457,5987.27,0.465717,-0.382018,4.3805,123.539,1,7,9289.71,7106.43
203.8,1,120.34,23.4456,5987.31,0.465703,-0.355106,4.38088,123.539,1,7,9277.62,7090.59
203.9,1,120.34,23.4456,5987.35,0.465689,-0.328493,4.38127,123.538,1,7,9265.54,7074.76
204,1,120.341,23.4455,5987.4,0.465676,-0.302176,4.38167,123.538,1,7,9253.48,7058.93
204.1,1,120.341,23.4454,5987.44,0.465663,-0.276154,4.38207,123.538,1,7,9241.42,7043.1
204.2,1,120.341,23.4453,5987.49,0.465649,-0.250427,4.38248,123.538,1,7,9229.38,7027.26
204.3,1,120.341,23.4452,5987.53,0.465636,-0.224992,4.38289,123.538,1,7,9217.35,7011.43
204.4,1,120.341,23.4452,5987.57,0.465623,-0.19985,4.3833,123.538,1,7,9205.33,6995.6
204.5,1,120.341,23.4451,5987.62,0.465609,-0.174998,4.38373,123.539,1,7,9193.32,6979.77
204.6,1,120.341,23.445,5987.66,0.465596,-0.150435,4.38415,123.539,1,7,9181.33,6963.94
204.7,1,120.342,23.4449,5987.71,0.465583,-0.126159,4.38457,123.54,1,7,9169.34,6948.11
204.8,1,120.342,23.4448,5987.75,0.46557,-0.10217,4.38499,123.541,1,7,9157.37,6932.28
204.9,1,120.342,23.4448,5987.79,0.465557,-0.0784643,4.38541,123.542,1,7,9145.41,6916.45
205,1,120.342,23.4447,5987.84,0.465544,-0.0550426,4.38583,123.543,1,7,9133.47,6900.63
205.1,1,120.342,23.4446,5987.88,0.465531,-0.0319033,4.38625,123.544,1,7,9121.53,6884.8
205.2,1,120.342,23.4445,5987.93,0.465518,-0.0090452,4.38668,123.546,1,7,9109.61,6868.97
205.3,1,120.342,23.4445,5987.97,0.465505,0.0135328,4.3871,123.547,1,7,9097.7,6853.14
205.4,1,120.342,23.4444,5988.01,0.465492,0.0358316,4.38755,123.549,1,7,9085.8,6837.32
205.5,1,120.343,23.4443,5988.06,0.46548,0.0578519,4.38801,123.551,1,7,9073.91,6821.49
205.6,1,120.343,23.4442,5988.1,0.465467,0.0795949,4.38849,123.553,1,7,9062.04,6805.67
205.7,1,120.343,23.4441,5988.15,0.465454,0.101062,4.38898,123.555,1,7,9050.18,6789.84
205.8,1,120.343,23.4441,5988.19,0.465441,0.122255,4.38948,123.557,1,7,9038.33,6774.02
205.9,1,120.343,23.444,5988.24,0.465429,0.143176,4.38998,123.559,1,7,9026.49,6758.19
206,1,120.343,23.4439,5988.28,0.465416,0.163825,4.3905,123.561,1,7,9014.67,6742.37
206.1,1,120.343,23.4438,5988.32,0.465403,0.184205,4.39101,123.564,1,7,9002.86,6726.54
206.2,1,120.343,23.4437,5988.37,0.465391,0.204317,4.39153,123.566,1,7,8991.06,6710.72
206.3,1,120.344,23.4437,5988.41,0.465378,0.224163,4.39206,123.569,1,7,8979.27,6694.9
206.4,1,120.344,23.4436,5988.46,0.465366,0.243744,4.39258,123.572,1,7,8967.5,6679.08
206.5,1,120.344,23.4435,5988.5,0.465353,0.263062,4.39311,123.575,1,7,8955.74,6663.26
206.6,1,120.344,23.4434,5988.54,0.465341,0.282118,4.39364,123.578,1,7,8943.99,6647.43
206.7,1,120.344,23.4433,5988.59,0.465328,0.300913,4.39417,123.581,1,7,8932.26,6631.61
206.8,1,120.344,23.4433,5988.63,0.465316,0.31945,4.3947,123.584,1,7,8920.54,6615.79
206.9,1,120.344,23.4432,5988.68,0.465303,0.337729,4.39523,123.588,1,7,8908.83,6599.97
207,1,120.344,23.4431,5988.72,0.465291,0.355752,4.39575,123.591,1,7,8897.13,6584.15
207.1,1,120.345,23.443,5988.77,0.465278,0.373521,4.39628,123.594,1,7,8885.45,6568.33
207.2,1,120.345,23.4429,5988.81,0.465266,0.391038,4.3968,123.598,1,7,8873.78,6552.52
207.3,1,120.345,23.4429,5988.86,0.465254,0.408303,4.39732,123.602,1,7,8862.13,6536.7
207.4,1,120.345,23.4428,5988.9,0.465241,0.425318,4.39784,123.606,1,7,8850.48,6520.88
207.5,1,120.345,23.4427,5988.95,0.465229,0.442085,4.39835,123.61,1,7,8838.85,6505.06
207.6,1,120.345,23.4426,5988.99,0.465217,0.458606,4.39886,123.614,1,7,8827.24,6489.25
207.7,1,120.345,23.4426,5989.03,0.465204,0.474881,4.39937,123.618,1,7,8815.63,6473.43
207.8,1,120.346,23.4425,5989.08,0.465192,0.490913,4.39987,123.622,1,7,8804.04,6457.61
207.9,1,120.346,23.4424,5989.12,0.46518,0.506703,4.40037,123.626,1,7,8792.47,6441.8
208,1,120.346,23.4423,5989.17,0.465167,0.522252,4.40086,123.63,1,7,8780.91,6425.98
208.1,1,120.346,23.4422,5989.21,0.465155,0.537563,4.40134,123.635,1,7,8769.36,6410.17
208.2,1,120.346,23.4422,5989.26,0.465143,0.552636,4.40183,123.639,1,7,8757.82,6394.35
208.3,1,120.346,23.4421,5989.31,0.465131,0.567473,4.4023,123.644,1,7,8746.3,6378.54
208.4,1,120.346,23.442,5989.35,0.465119,0.582076,4.40277,123.649,1,7,8734.79,6362.72
208.5,1,120.346,23.4419,5989.4,0.465106,0.596447,4.40324,123.653,1,7,8723.3,6346.91
208.6,1,120.347,23.4418,5989.44,0.465094,0.610586,4.40369,123.658,1,7,8711.82,6331.1
208.7,1,120.347,23.4418,5989.49,0.465082,0.624497,4.40414,123.663,1,7,8700.35,6315.29
208.8,1,120.347,23.4417,5989.53,0.46507,0.638179,4.40459,123.668,1,7,8688.9,6299.47
208.9,1,120.347,23.4416,5989.58,0.465058,0.651635,4.40502,123.673,1,7,8677.46,6283.66
209,1,120.347,23.4415,5989.62,0.465046,0.664867,4.40545,123.678,1,7,8666.04,6267.85
209.1,1,120.347,23.4414,5989.67,0.465033,0.677876,4.40587,123.684,1,7,8654.63,6252.04
209.2,1,120.347,23.4414,5989.71,0.465021,0.690663,4.40629,123.689,1,7,8643.23,6236.23
209.3,1,120.347,23.4413,5989.76,0.465009,0.703231,4.40669,123.694,1,7,8631.85,6220.42
209.4,1,120.348,23.4412,5989.81,0.464997,0.71558,4.40709,123.7,1,7,8620.48,6204.61
209.5,1,120.348,23.4411,5989.85,0.464985,0.727713,4.40748,123.705,1,7,8609.13,6188.8
209.6,1,120.348,23.441,5989.9,0.464973,0.739631,4.40787,123.711,1,7,8597.79,6172.99
209.7,1,120.348,23.441,5989.94,0.464961,0.751336,4.40824,123.716,1,7,8586.47,6157.18
209.8,1,120.348,23.4409,5989.99,0.464949,0.762829,4.4086,123.722,1,7,8575.16,6141.37
209.9,1,120.348,23.4408,5990.04,0.464937,0.774113,4.40896,123.727,1,7,8563.86,6125.57
210,1,120.348,23.4407,5990.08,0.464925,0.785187,4.40931,123.733,1,7,8552.58,6109.76
210.1,1,120.348,23.4407,5990.13,0.464913,0.796056,4.40965,123.739,1,7,8541.31,6093.95
210.2,1,120.349,23.4406,5990.17,0.464901,0.806719,4.40998,123.745,1,7,8530.06,6078.15
210.3,1,120.349,23.4405,5990.22,0.464889,0.817178,4.4103,123.751,1,7,8518.83,6062.34
210.4,1,120.349,23.4404,5990.27,0.464877,0.827436,4.41061,123.757,1,7,8507.6,6046.53
210.5,1,120.349,23.4403,5990.31,0.464865,0.837493,4.41091,123.763,1,7,8496.4,6030.73
210.6,1,120.349,23.4403,5990.36,0.464853,0.847352,4.41121,123.769,1,7,8485.21,6014.92
210.7,1,120.349,23.4402,5990.41,0.464841,0.857014,4.41149,123.775,1,7,8474.03,5999.12
210.8,1,120.349,23.4401,5990.45,0.464829,0.866481,4.41176,123.781,1,7,8462.87,5983.32
210.9,1,120.349,23.44,5990.5,0.464817,0.875753,4.41203,123.788,1,7,8451.72,5967.51
211,1,120.35,23.4399,5990.55,0.464805,0.884834,4.41229,123.794,1,7,8440.59,5951.71
211.1,1,120.35,23.4399,5990.59,0.464793,0.893725,4.41253,123.8,1,7,8429.47,5935.91
211.2,1,120.35,23.4398,5990.64,0.464782,0.902426,4.41277,123.807,1,7,8418.37,5920.1
211.3,1,120.35,23.4397,5990.68,0.464785,0.911663,4.37783,123.812,1,7,8407.28,5904.3
211.4,1,120.35,23.4396,5990.73,0.464815,1.20333,3.859,123.798,1,7,8396.21,5888.5
211.5,1,120.35,23.4395,5990.77,0.464864,1.88996,3.35765,123.776,1,7,8385.15,5872.7
211.6,1,120.35,23.4395,5990.79,0.464928,2.39574,2.87681,123.751,1,7,8374.09,5856.89
211.7,1,120.351,23.4394,5990.78,0.465003,2.42297,2.41367,123.725,1,7,8363.01,5841.08
211.8,1,120.351,23.4393,5990.73,0.465087,2.20091,1.96592,123.698,1,7,8351.93,5825.27
211.9,1,120.351,23.4392,5990.64,0.465179,1.87844,1.5314,123.67,1,7,8340.83,5809.46
212,1,120.351,23.4391,5990.5,0.465285,1.5346,1.10587,123.636,1,7,8329.7,5793.64
212.1,1,120.351,23.4391,5990.3,0.465407,1.20169,0.687057,123.592,1,7,8318.55,5777.82
212.2,1,120.351,23.439,5990.04,0.465542,0.898006,0.27446,123.54,1,7,8307.37,5762
212.3,1,120.351,23.4389,5989.72,0.465692,0.633339,-0.132267,123.483,1,7,8296.16,5746.17
212.4,1,120.351,23.4388,5989.33,0.465855,0.409648,-0.533306,123.425,1,7,8284.9,5730.34
212.5,1,120.352,23.4387,5988.87,0.466032,0.224206,-0.928705,123.368,1,7,8273.61,5714.5
212.6,1,120.352,23.4387,5988.34,0.466223,0.0719566,-1.31847,123.313,1,7,8262.28,5698.67
212.7,1,120.352,23.4386,5987.72,0.466427,-0.0529583,-1.70258,123.262,1,7,8250.9,5682.82
212.8,1,120.352,23.4385,5987.03,0.466644,-0.156352,-2.08107,123.214,1,7,8239.48,5666.98
212.9,1,120.352,23.4384,5986.26,0.466876,-0.243545,-2.45394,123.171,1,7,8228.01,5651.13
213,1,120.352,23.4383,5985.4,0.467122,-0.319155,-2.82128,123.132,1,7,8216.49,5635.27
213.1,1,120.352,23.4383,5984.46,0.467382,-0.387034,-3.18316,123.098,1,7,8204.92,5619.42
213.2,1,120.352,23.4382,5983.43,0.467656,-0.450276,-3.5397,123.069,1,7,8193.3,5603.56
213.3,1,120.353,23.4381,5982.31,0.467945,-0.511282,-3.89104,123.043,1,7,8181.62,5587.69
213.4,1,120.353,23.438,5981.11,0.468249,-0.571835,-4.23733,123.023,1,7,8169.9,5571.83
213.5,1,120.353,23.438,5979.81,0.468567,-0.633184,-4.57874,123.006,1,7,8158.12,5555.95
213.6,1,120.353,23.4379,5978.43,0.468901,-0.69613,-4.91546,122.993,1,7,8146.29,5540.08
213.7,1,120.353,23.4378,5976.96,0.46925,-0.761107,-5.24768,122.984,1,7,8134.4,5524.2
213.8,1,120.353,23.4377,5975.4,0.469614,-0.82825,-5.5756,122.978,1,7,8122.46,5508.32
213.9,1,120.353,23.4376,5973.74,0.469993,-0.897463,-5.89944,122.975,1,7,8110.47,5492.44
214,1,120.353,23.4376,5972,0.470387,-0.968475,-6.2194,122.975,1,7,8098.42,5476.55
214.1,1,120.354,23.4375,5970.17,0.470796,-1.04089,-6.53568,122.978,1,7,8086.31,5460.66
214.2,1,120.354,23.4374,5968.24,0.471221,-1.11421,-6.84849,122.983,1,7,8074.15,5444.76
214.3,1,120.354,23.4373,5966.23,0.471661,-1.18791,-7.15803,122.99,1,7,8061.93,5428.86
214.4,1,120.354,23.4372,5964.13,0.472115,-1.26143,-7.46451,122.999,1,7,8049.66,5412.96
214.5,1,120.354,23.4372,5961.94,0.472585,-1.33419,-7.76811,123.01,1,7,8037.33,5397.05
214.6,1,120.354,23.4371,5959.65,0.473069,-1.40566,-8.06902,123.022,1,7,8024.95,5381.14
214.7,1,120.354,23.437,5957.28,0.473568,-1.47531,-8.36742,123.035,1,7,8012.51,5365.23
214.8,1,120.355,23.4369,5954.82,0.474082,-1.54266,-8.66349,123.049,1,7,8000.02,5349.31
214.9,1,120.355,23.4368,5952.27,0.47461,-1.60728,-8.95739,123.064,1,7,7987.47,5333.39
215,1,120.355,23.4368,5949.64,0.475152,-1.66877,-9.24929,123.08,1,7,7974.86,5317.47
215.1,1,120.355,23.4367,5946.91,0.475709,-1.72678,-9.53933,123.096,1,7,7962.2,5301.54
215.2,1,120.355,23.4366,5944.1,0.47628,-1.78104,-9.82766,123.112,1,7,7949.48,5285.61
215.3,1,120.355,23.4365,5941.2,0.476864,-1.83128,-10.1144,123.129,1,7,7936.71,5269.67
215.4,1,120.355,23.4364,5938.22,0.477462,-1.87731,-10.3997,123.146,1,7,7923.89,5253.73
215.5,1,120.355,23.4364,5935.15,0.478074,-1.91897,-10.6837,123.163,1,7,7911,5237.78
215.6,1,120.356,23.4363,5931.99,0.4787,-1.95613,-10.9665,123.18,1,7,7898.07,5221.83
215.7,1,120.356,23.4362,5928.74,0.479339,-1.98871,-11.2481,123.197,1,7,7885.07,5205.88
215.8,1,120.356,23.4361,5925.41,0.479991,-2.01666,-11.5288,123.213,1,7,7872.03,5189.92
215.9,1,120.356,23.436,5922,0.480656,-2.03993,-11.8085,123.23,1,7,7858.92,5173.95
216,1,120.356,23.436,5918.5,0.481334,-2.05853,-12.0873,123.246,1,7,7845.76,5157.98
216.1,1,120.356,23.4359,5914.91,0.482025,-2.07247,-12.3654,123.262,1,7,7832.55,5142.01
216.2,1,120.356,23.4358,5911.24,0.482729,-2.08178,-12.6428,123.278,1,7,7819.28,5126.03
216.3,1,120.356,23.4357,5907.49,0.483445,-2.08651,-12.9195,123.294,1,7,7805.96,5110.05
216.4,1,120.357,23.4356,5903.65,0.484174,-2.08672,-13.1957,123.309,1,7,7792.58,5094.06
216.5,1,120.357,23.4356,5899.73,0.484915,-2.08247,-13.4713,123.324,1,7,7779.14,5078.06
216.6,1,120.357,23.4355,5895.72,0.485669,-2.07384,-13.7464,123.338,1,7,7765.65,5062.07
216.7,1,120.357,23.4354,5891.63,0.486434,-2.0609,-14.0211,123.353,1,7,7752.1,5046.06
216.8,1,120.357,23.4353,5887.45,0.487212,-2.04375,-14.2953,123.367,1,7,7738.5,5030.05
216.9,1,120.357,23.4352,5883.19,0.488002,-2.02246,-14.5692,123.38,1,7,7724.84,5014.04
217,1,120.357,23.4352,5878.85,0.488803,-1.99714,-14.8427,123.393,1,7,7711.13,4998.02
217.1,1,120.358,23.4351,5874.42,0.489617,-1.96786,-15.1158,123.406,1,7,7697.36,4981.99
217.2,1,120.358,23.435,5869.91,0.490442,-1.93472,-15.3887,123.419,1,7,7683.53,4965.96
217.3,1,120.358,23.4349,5865.31,0.491278,-1.89781,-15.6612,123.431,1,7,7669.65,4949.92
217.4,1,120.358,23.4348,5860.64,0.492126,-1.85721,-15.9335,123.444,1,7,7655.71,4933.88
217.5,1,120.358,23.4348,5855.87,0.492986,-1.81301,-16.2055,123.455,1,7,7641.72,4917.83
217.6,1,120.358,23.4347,5851.03,0.493857,-1.76529,-16.4772,123.467,1,7,7627.67,4901.78
217.7,1,120.358,23.4346,5846.1,0.494739,-1.71414,-16.7487,123.478,1,7,7613.56,4885.72
217.8,1,120.358,23.4345,5841.08,0.495632,-1.65964,-17.0199,123.49,1,7,7599.39,4869.66
217.9,1,120.359,23.4344,5835.98,0.496524,-1.60186,-17.2908,123.501,1,7,7585.17,4853.59
218,1,120.359,23.4344,5830.8,0.497411,-1.54088,-17.5616,123.511,1,7,7570.89,4837.52
218.1,1,120.359,23.4343,5825.54,0.498294,-1.4768,-17.832,123.522,1,7,7556.55,4821.44
218.2,1,120.359,23.4342,5820.19,0.499172,-1.40968,-18.1022,123.533,1,7,7542.16,4805.36
218.3,1,120.359,23.4341,5814.75,0.500045,-1.33961,-18.3723,123.543,1,7,7527.71,4789.27
218.4,1,120.359,23.434,5809.24,0.500912,-1.26662,-18.6424,123.553,1,7,7513.21,4773.18
218.5,1,120.359,23.434,5803.64,0.501773,-1.19061,-18.9126,123.564,1,7,7498.65,4757.09
218.6,1,120.359,23.4339,5797.95,0.502629,-1.11135,-19.1829,123.574,1,7,7484.03,4741
218.7,1,120.36,23.4338,5792.19,0.503479,-1.02887,-19.4531,123.584,1,7,7469.36,4724.91
218.8,1,120.36,23.4337,5786.33,0.504324,-0.943376,-19.7232,123.593,1,7,7454.64,4708.82
218.9,1,120.36,23.4336,5780.4,0.505163,-0.855149,-19.9931,123.603,1,7,7439.86,4692.72
219,1,120.36,23.4336,5774.38,0.505997,-0.764479,-20.2629,123.613,1,7,7425.03,4676.63
219.1,1,120.36,23.4335,5768.28,0.506826,-0.671648,-20.5324,123.622,1,7,7410.14,4660.54
219.2,1,120.36,23.4334,5762.1,0.507651,-0.57692,-20.8017,123.632,1,7,7395.2,4644.45
219.3,1,120.36,23.4333,5755.83,0.508473,-0.480626,-21.0706,123.641,1,7,7380.21,4628.37
219.4,1,120.361,23.4332,5749.48,0.509292,-0.412587,-21.3393,123.651,1,7,7365.16,4612.28
219.5,1,120.361,23.4332,5743.04,0.510107,-0.384193,-21.6075,123.66,1,7,7350.06,4596.2
219.6,1,120.361,23.4331,5736.52,0.510919,-0.376831,-21.8753,123.67,1,7,7334.91,4580.13
219.7,1,120.361,23.433,5729.92,0.511727,-0.380554,-22.1427,123.681,1,7,7319.71,4564.06
219.8,1,120.361,23.4329,5723.24,0.512531,-0.390216,-22.4097,123.691,1,7,7304.45,4547.99
219.9,1,120.361,23.4328,5716.47,0.513333,-0.403141,-22.6761,123.702,1,7,7289.14,4531.93
220,1,120.361,23.4328,5709.62,0.514135,-0.417922,-22.9421,123.713,1,7,7273.78,4515.87
220.1,1,120.361,23.4327,5702.69,0.514938,-0.433804,-23.2075,123.725,1,7,7258.36,4499.82
220.2,1,120.362,23.4326,5695.67,0.515743,-0.450372,-23.4724,123.736,1,7,7242.9,4483.78
220.3,1,120.362,23.4325,5688.57,0.51655,-0.467391,-23.7367,123.748,1,7,7227.38,4467.74
220.4,1,120.362,23.4324,5681.39,0.517358,-0.484717,-24.0005,123.76,1,7,7211.81,4451.71
220.5,1,120.362,23.4324,5674.12,0.518167,-0.502261,-24.2637,123.772,1,7,7196.19,4435.69
220.6,1,120.362,23.4323,5666.77,0.518978,-0.51996,-24.5263,123.785,1,7,7180.52,4419.68
220.7,1,120.362,23.4322,5659.34,0.519789,-0.537769,-24.7882,123.797,1,7,7164.79,4403.67
220.8,1,120.362,23.4321,5651.82,0.520605,-0.555652,-25.0496,123.81,1,7,7149.02,4387.68
220.9,1,120.362,23.432,5644.22,0.52143,-0.573579,-25.3102,123.823,1,7,7133.19,4371.69
221,1,120.363,23.432,5636.54,0.522264,-0.591522,-25.5703,123.836,1,7,7117.31,4355.71
221.1,1,120.363,23.4319,5628.77,0.523108,-0.609459,-25.8296,123.849,1,7,7101.38,4339.73
221.2,1,120.363,23.4318,5620.92,0.523961,-0.627371,-26.0883,123.863,1,7,7085.4,4323.77
221.3,1,120.363,23.4317,5612.99,0.524824,-0.645236,-26.3463,123.876,1,7,7069.36,4307.82
221.4,1,120.363,23.4316,5604.98,0.525695,-0.66304,-26.6037,123.889,1,7,7053.28,4291.87
221.5,1,120.363,23.4316,5596.88,0.526576,-0.680764,-26.8603,123.903,1,7,7037.14,4275.94
221.6,1,120.363,23.4315,5588.69,0.527465,-0.698394,-27.1162,123.917,1,7,7020.95,4260.01
221.7,1,120.364,23.4314,5580.43,0.528364,-0.715914,-27.3715,123.931,1,7,7004.7,4244.09
221.8,1,120.364,23.4313,5572.08,0.529271,-0.73331,-27.626,123.945,1,7,6988.4,4228.18
221.9,1,120.364,23.4312,5563.64,0.530187,-0.750568,-27.8798,123.959,1,7,6972.05,4212.28
222,1,120.364,23.4312,5555.12,0.531112,-0.767675,-28.1329,123.973,1,7,6955.65,4196.39
222.1,1,120.364,23.4311,5546.52,0.532045,-0.784618,-28.3852,123.987,1,7,6939.2,4180.51
222.2,1,120.364,23.431,5537.84,0.532987,-0.801386,-28.6369,124.001,1,7,6922.69,4164.64
222.3,1,120.364,23.4309,5529.07,0.533938,-0.817966,-28.8878,124.015,1,7,6906.12,4148.78
222.4,1,120.364,23.4308,5520.21,0.534896,-0.834347,-29.138,124.03,1,7,6889.51,4132.93
222.5,1,120.365,23.4308,5511.28,0.535863,-0.850519,-29.3874,124.044,1,7,6872.84,4117.09
222.6,1,120.365,23.4307,5502.26,0.536839,-0.866471,-29.6362,124.058,1,7,6856.11,4101.25
222.7,1,120.365,23.4306,5493.15,0.537822,-0.882193,-29.8842,124.073,1,7,6839.34,4085.43
222.8,1,120.365,23.4305,5483.96,0.538813,-0.897677,-30.1314,124.087,1,7,6822.5,4069.62
222.9,1,120.365,23.4304,5474.69,0.539813,-0.912913,-30.3779,124.102,1,7,6805.62,4053.81
223,1,120.365,23.4304,5465.33,0.54082,-0.927893,-30.6237,124.116,1,7,6788.68,4038.02
223.1,1,120.365,23.4303,5455.89,0.541835,-0.942609,-30.8688,124.131,1,7,6771.69,4022.24
223.2,1,120.365,23.4302,5446.36,0.542858,-0.957055,-31.1131,124.145,1,7,6754.64,4006.47
223.3,1,120.366,23.4301,5436.75,0.543888,-0.971221,-31.3566,124.16,1,7,6737.54,3990.7
223.4,1,120.366,23.4301,5427.06,0.544926,-0.985103,-31.5994,124.175,1,7,6720.38,3974.95
223.5,1,120.366,23.43,5417.28,0.545971,-0.998694,-31.8415,124.189,1,7,6703.17,3959.21
223.6,1,120.366,23.4299,5407.42,0.547024,-1.01199,-32.0828,124.204,1,7,6685.9,3943.48
223.7,1,120.366,23.4298,5397.47,0.548084,-1.02498,-32.3233,124.218,1,7,6668.58,3927.76
223.8,1,120.366,23.4297,5387.44,0.549151,-1.03766,-32.5631,124.233,1,7,6651.21,3912.05
223.9,1,120.366,23.4297,5377.32,0.550225,-1.05003,-32.8021,124.247,1,7,6633.78,3896.35
224,1,120.366,23.4296,5367.12,0.551306,-1.06208,-33.0404,124.262,1,7,6616.29,3880.67
224.1,1,120.367,23.4295,5356.84,0.552395,-1.07382,-33.2779,124.276,1,7,6598.75,3864.99
224.2,1,120.367,23.4294,5346.47,0.55349,-1.08522,-33.5146,124.291,1,7,6581.16,3849.33
224.3,1,120.367,23.4293,5336.02,0.554592,-1.0963,-33.7506,124.305,1,7,6563.51,3833.67
224.4,1,120.367,23.4293,5325.48,0.5557,-1.10704,-33.9858,124.32,1,7,6545.8,3818.03
224.5,1,120.367,23.4292,5314.86,0.556816,-1.11744,-34.2202,124.334,1,7,6528.04,3802.4
224.6,1,120.367,23.4291,5304.15,0.557937,-1.12751,-34.4539,124.349,1,8,6510.22,3786.78
224.7,1,120.367,23.429,5293.36,0.559066,-1.13723,-34.6868,124.363,0,8,6492.35,3771.18
224.8,1,120.368,23.429,5282.49,0.5602,-1.14661,-34.9188,124.377,0,8,6474.42,3755.58
224.9,1,120.368,23.4289,5271.53,0.561341,-1.15564,-35.1501,124.392,0,8,6456.44,3740
225,1,120.368,23.4288,5260.49,0.562488,-1.16431,-35.3806,124.406,0,8,6438.4,3724.43
225.1,1,120.368,23.4287,5249.36,0.563641,-1.17264,-35.6104,124.42,0,8,6420.31,3708.87
225.2,1,120.368,23.4286,5238.15,0.5648,-1.18061,-35.8393,124.434,0,8,6402.16,3693.32
225.3,1,120.368,23.4286,5226.85,0.565966,-1.18822,-36.0674,124.448,0,8,6383.95,3677.79
225.4,1,120.368,23.4285,5215.47,0.567137,-1.19548,-36.2947,124.462,0,8,6365.69,3662.26
225.5,1,120.368,23.4284,5204.01,0.568314,-1.20237,-36.5212,124.476,0,8,6347.37,3646.75
225.6,1,120.369,23.4283,5192.46,0.569496,-1.2089,-36.7469,124.49,0,8,6329,3631.26
225.7,1,120.369,23.4282,5180.83,0.570685,-1.21507,-36.9718,124.504,0,8,6310.57,3615.77
225.8,1,120.369,23.4282,5169.11,0.571879,-1.22088,-37.1959,124.518,0,8,6292.08,3600.3
225.9,1,120.369,23.4281,5157.31,0.573078,-1.22631,-37.4191,124.532,0,8,6273.54,3584.84
226,1,120.369,23.428,5145.42,0.574283,-1.23139,-37.6415,124.545,0,8,6254.94,3569.4
226.1,1,120.369,23.4279,5133.45,0.575494,-1.23609,-37.8631,124.559,0,8,6236.29,3553.97
226.2,1,120.369,23.4279,5121.4,0.576709,-1.2405,-38.0838,124.573,0,8,6217.58,3538.55
226.3,1,120.369,23.4278,5109.26,0.57793,-1.24477,-38.3036,124.587,0,8,6198.81,3523.15
226.4,1,120.37,23.4277,5097.03,0.579157,-1.24895,-38.5224,124.601,0,8,6179.99,3507.75
226.5,1,120.37,23.4276,5084.73,0.580388,-1.25305,-38.7404,124.615,0,8,6161.11,3492.38
226.6,1,120.37,23.4275,5072.34,0.581625,-1.25706,-38.9574,124.629,0,8,6142.18,3477.01
226.7,1,120.37,23.4275,5059.86,0.582867,-1.26091,-39.1736,124.643,0,8,6123.19,3461.66
226.8,1,120.37,23.4274,5047.3,0.584113,-1.26456,-39.3889,124.657,0,8,6104.14,3446.33
226.9,1,120.37,23.4273,5034.66,0.585365,-1.26797,-39.6032,124.672,0,8,6085.04,3431.01
227,1,120.37,23.4272,5021.93,0.586621,-1.27108,-39.8168,124.686,0,8,6065.88,3415.7
227.1,1,120.37,23.4272,5009.12,0.587882,-1.27386,-40.0294,124.7,0,8,6046.66,3400.41
227.2,1,120.371,23.4271,4996.23,0.589148,-1.27629,-40.2411,124.714,0,8,6027.39,3385.13
227.3,1,120.371,23.427,4983.25,0.590418,-1.27833,-40.452,124.728,0,8,6008.06,3369.86
227.4,1,120.371,23.4269,4970.19,0.591692,-1.27997,-40.6619,124.741,0,8,5988.67,3354.61
227.5,1,120.371,23.4269,4957.04,0.592971,-1.28119,-40.871,124.755,0,8,5969.23,3339.38
227.6,1,120.371,23.4268,4943.81,0.594255,-1.28197,-41.0792,124.768,0,8,5949.73,3324.16
227.7,1,120.371,23.4267,4930.5,0.595542,-1.28231,-41.2864,124.782,0,8,5930.18,3308.95
227.8,1,120.371,23.4266,4917.1,0.596834,-1.28219,-41.4928,124.795,0,8,5910.57,3293.76
227.9,1,120.371,23.4265,4903.63,0.598129,-1.28162,-41.6983,124.808,0,8,5890.9,3278.59
228,1,120.372,23.4265,4890.06,0.599429,-1.28058,-41.9028,124.821,0,8,5871.17,3263.43
228.1,1,120.372,23.4264,4876.42,0.600732,-1.27908,-42.1065,124.833,0,8,5851.39,3248.29
228.2,1,120.372,23.4263,4862.69,0.602039,-1.27711,-42.3092,124.845,0,8,5831.56,3233.16
228.3,1,120.372,23.4262,4848.88,0.60335,-1.27467,-42.511,124.858,0,8,5811.66,3218.04
228.4,1,120.372,23.4262,4834.98,0.604665,-1.27176,-42.7118,124.87,0,8,5791.71,3202.95
228.5,1,120.372,23.4261,4821,0.605982,-1.26839,-42.9118,124.881,0,8,5771.71,3187.86
228.6,1,120.372,23.426,4806.94,0.607304,-1.26456,-43.1108,124.893,0,8,5751.65,3172.8
228.7,1,120.372,23.4259,4792.8,0.608629,-1.26026,-43.3088,124.904,0,8,5731.53,3157.75
228.8,1,120.372,23.4259,4778.57,0.609957,-1.25551,-43.5059,124.916,0,8,5711.35,3142.71
228.9,1,120.373,23.4258,4764.26,0.611288,-1.25031,-43.7021,124.926,0,8,5691.12,3127.69
229,1,120.373,23.4257,4749.87,0.612622,-1.24467,-43.8973,124.937,0,8,5670.84,3112.69
229.1,1,120.373,23.4256,4735.4,0.613959,-1.23858,-44.0915,124.948,0,8,5650.49,3097.71
229.2,1,120.373,23.4256,4720.85,0.615299,-1.23205,-44.2847,124.958,0,8,5630.09,3082.74
229.3,1,120.373,23.4255,4706.21,0.616642,-1.2251,-44.477,124.968,0,8,5609.64,3067.78
229.4,1,120.373,23.4254,4691.49,0.617988,-1.21772,-44.6683,124.978,0,8,5589.13,3052.85
229.5,1,120.373,23.4253,4676.69,0.619336,-1.20993,-44.8587,124.987,0,8,5568.56,3037.93
229.6,1,120.373,23.4253,4661.8,0.620687,-1.20173,-45.048,124.996,0,8,5547.94,3023.02
229.7,1,120.374,23.4252,4646.84,0.622041,-1.19313,-45.2363,125.005,0,8,5527.26,3008.14
229.8,1,120.374,23.4251,4631.79,0.623396,-1.18413,-45.4236,125.014,0,8,5506.52,2993.27
229.9,1,120.374,23.425,4616.67,0.624755,-1.17475,-45.61,125.023,0,8,5485.73,2978.42
230,1,120.374,23.4249,4601.46,0.626115,-1.16499,-45.7953,125.031,0,8,5464.89,2963.58
230.1,1,120.374,23.4249,4586.17,0.627477,-1.15486,-45.9795,125.039,0,8,5443.98,2948.76
230.2,1,120.374,23.4248,4570.8,0.628842,-1.14438,-46.1628,125.047,0,8,5423.03,2933.96
230.3,1,120.374,23.4247,4555.35,0.630208,-1.13354,-46.345,125.054,0,8,5402.01,2919.17
230.4,1,120.374,23.4246,4539.81,0.631577,-1.12236,-46.5262,125.062,0,8,5380.94,2904.41
230.5,1,120.375,23.4246,4524.2,0.632947,-1.11085,-46.7064,125.069,0,8,5359.82,2889.66
230.6,1,120.375,23.4245,4508.51,0.634319,-1.09902,-46.8855,125.075,0,8,5338.64,2874.92
230.7,1,120.375,23.4244,4492.74,0.635692,-1.08688,-47.0636,125.082,0,8,5317.41,2860.21
230.8,1,120.375,23.4243,4476.88,0.637067,-1.07443,-47.2405,125.088,0,8,5296.12,2845.51
230.9,1,120.375,23.4243,4460.95,0.638443,-1.0617,-47.4165,125.094,0,8,5274.77,2830.83
231,1,120.375,23.4242,4444.94,0.639821,-1.04868,-47.5913,125.1,0,8,5253.37,2816.17
231.1,1,120.375,23.4241,4428.85,0.6412,-1.03539,-47.7651,125.105,0,8,5231.92,2801.52
231.2,1,120.375,23.424,4412.68,0.64258,-1.02184,-47.9378,125.11,0,8,5210.41,2786.89
231.3,1,120.375,23.424,4396.43,0.643962,-1.00805,-48.1094,125.115,0,8,5188.84,2772.28
231.4,1,120.376,23.4239,4380.1,0.645344,-0.994011,-48.2799,125.12,0,8,5167.22,2757.69
231.5,1,120.376,23.4238,4363.69,0.646727,-0.979749,-48.4494,125.125,0,8,5145.55,2743.11
231.6,1,120.376,23.4237,4347.21,0.648111,-0.965271,-48.6177,125.129,0,8,5123.82,2728.56
231.7,1,120.376,23.4237,4330.64,0.649496,-0.950588,-48.7849,125.133,0,8,5102.03,2714.02
231.8,1,120.376,23.4236,4314,0.650882,-0.935711,-48.951,125.136,0,8,5080.2,2699.5
231.9,1,120.376,23.4235,4297.28,0.652268,-0.920653,-49.1159,125.14,0,8,5058.31,2684.99
232,1,120.376,23.4235,4280.48,0.653654,-0.905423,-49.2798,125.143,0,8,5036.36,2670.51
232.1,1,120.376,23.4234,4263.61,0.655041,-0.890034,-49.4425,125.146,0,8,5014.36,2656.04
232.2,1,120.377,23.4233,4246.66,0.656428,-0.874497,-49.604,125.149,0,8,4992.31,2641.59
232.3,1,120.377,23.4232,4229.63,0.657816,-0.858823,-49.7645,125.151,0,8,4970.2,2627.15
232.4,1,120.377,23.4232,4212.52,0.659203,-0.843024,-49.9237,125.153,0,8,4948.04,2612.74
232.5,1,120.377,23.4231,4195.34,0.660591,-0.82711,-50.0818,125.155,0,8,4925.82,2598.34
232.6,1,120.377,23.423,4178.08,0.661978,-0.811094,-50.2388,125.157,0,8,4903.56,2583.96
232.7,1,120.377,23.4229,4160.75,0.663366,-0.794986,-50.3946,125.158,0,8,4881.23,2569.6
232.8,1,120.377,23.4229,4143.34,0.664753,-0.778799,-50.5492,125.16,0,8,4858.86,2555.25
232.9,1,120.377,23.4228,4125.85,0.66614,-0.762542,-50.7026,125.161,0,8,4836.43,2540.93
233,1,120.377,23.4227,4108.29,0.667526,-0.746227,-50.8549,125.161,0,8,4813.95,2526.62
233.1,1,120.378,23.4226,4090.66,0.668912,-0.729872,-51.0059,125.162,0,8,4791.42,2512.32
233.2,1,120.378,23.4226,4072.95,0.670298,-0.71349,-51.1557,125.162,0,8,4768.83,2498.05
233.3,1,120.378,23.4225,4055.16,0.671683,-0.69708,-51.3042,125.163,0,8,4746.19,2483.79
233.4,1,120.378,23.4224,4037.3,0.673068,-0.680652,-51.4515,125.162,0,8,4723.5,2469.55
233.5,1,120.378,23.4223,4019.37,0.674451,-0.664215,-51.5975,125.162,0,8,4700.76,2455.33
233.6,1,120.378,23.4223,4001.36,0.675834,-0.647781,-51.7422,125.162,0,8,4677.97,2441.13
233.7,1,120.378,23.4222,3983.28,0.677217,-0.631362,-51.8857,125.161,0,8,4655.12,2426.94
233.8,1,120.378,23.4221,3965.13,0.678598,-0.614982,-52.028,125.16,0,8,4632.22,2412.77
233.9,1,120.378,23.4221,3946.91,0.679978,-0.598881,-52.1689,125.159,0,8,4609.27,2398.62
234,1,120.379,23.422,3928.61,0.681358,-0.583173,-52.3085,125.159,0,8,4586.26,2384.48
234.1,1,120.379,23.4219,3910.24,0.682737,-0.567868,-52.4468,125.158,0,8,4563.21,2370.36
234.2,1,120.379,23.4218,3891.8,0.684115,-0.552945,-52.5838,125.158,0,8,4540.11,2356.26
234.3,1,120.379,23.4218,3873.28,0.685492,-0.53837,-52.7194,125.157,0,8,4516.95,2342.17
234.4,1,120.379,23.4217,3854.7,0.686868,-0.524103,-52.8538,125.157,0,8,4493.74,2328.1
234.5,1,120.379,23.4216,3836.05,0.688243,-0.510106,-52.9869,125.157,0,8,4470.48,2314.04
234.6,1,120.379,23.4215,3817.32,0.689616,-0.496345,-53.1186,125.156,0,8,4447.17,2300.01
234.7,1,120.379,23.4215,3798.52,0.690989,-0.48279,-53.2491,125.156,0,8,4423.81,2285.99
234.8,1,120.38,23.4214,3779.66,0.69236,-0.469414,-53.3783,125.155,0,8,4400.4,2271.98
234.9,1,120.38,23.4213,3760.72,0.693729,-0.456197,-53.5061,125.155,0,8,4376.94,2257.99
235,1,120.38,23.4213,3741.72,0.695097,-0.443122,-53.6327,125.154,0,8,4353.43,2244.02
235.1,1,120.38,23.4212,3722.64,0.696464,-0.430175,-53.758,125.153,0,8,4329.87,2230.06
235.2,1,120.38,23.4211,3703.5,0.697829,-0.417345,-53.882,125.152,0,8,4306.26,2216.11
235.3,1,120.38,23.421,3684.29,0.699192,-0.404624,-54.0047,125.151,0,8,4282.6,2202.19
235.4,1,120.38,23.421,3665.01,0.700553,-0.392007,-54.1261,125.15,0,8,4258.89,2188.27
235.5,1,120.38,23.4209,3645.67,0.701912,-0.379491,-54.2463,125.148,0,8,4235.13,2174.37
235.6,1,120.38,23.4208,3626.25,0.70327,-0.367073,-54.3651,125.147,0,8,4211.32,2160.49
235.7,1,120.381,23.4208,3606.77,0.704625,-0.354753,-54.4826,125.145,0,8,4187.46,2146.62
235.8,1,120.381,23.4207,3587.23,0.705978,-0.34253,-54.5988,125.144,0,8,4163.55,2132.77
235.9,1,120.381,23.4206,3567.61,0.707329,-0.330407,-54.7137,125.142,0,8,4139.6,2118.92
236,1,120.381,23.4205,3547.93,0.708678,-0.318385,-54.8273,125.14,0,8,4115.59,2105.1
236.1,1,120.381,23.4205,3528.19,0.710025,-0.306466,-54.9396,125.138,0,8,4091.54,2091.28
236.2,1,120.381,23.4204,3508.38,0.711369,-0.294653,-55.0506,125.135,0,8,4067.44,2077.48
236.3,1,120.381,23.4203,3488.5,0.712711,-0.282949,-55.1602,125.133,0,8,4043.29,2063.7
236.4,1,120.381,23.4203,3468.56,0.71405,-0.271356,-55.2686,125.131,0,8,4019.09,2049.93
236.5,1,120.381,23.4202,3448.56,0.715386,-0.259878,-55.3757,125.128,0,8,3994.84,2036.17
236.6,1,120.382,23.4201,3428.49,0.71672,-0.248519,-55.4814,125.125,0,8,3970.55,2022.42
236.7,1,120.382,23.42,3408.36,0.718051,-0.23728,-55.5858,125.123,0,8,3946.21,2008.68
236.8,1,120.382,23.42,3388.17,0.71938,-0.226165,-55.6889,125.12,0,8,3921.82,1994.96
236.9,1,120.382,23.4199,3367.91,0.720705,-0.215178,-55.7907,125.117,0,8,3897.38,1981.25
237,1,120.382,23.4198,3347.59,0.722028,-0.20432,-55.8912,125.114,0,8,3872.9,1967.55
237.1,1,120.382,23.4198,3327.21,0.723347,-0.193595,-55.9904,125.111,0,8,3848.37,1953.87
237.2,1,120.382,23.4197,3306.77,0.724664,-0.183004,-56.0883,125.107,0,8,3823.79,1940.19
237.3,1,120.382,23.4196,3286.27,0.725977,-0.172551,-56.1848,125.104,0,8,3799.17,1926.53
237.4,1,120.382,23.4195,3265.7,0.727287,-0.162238,-56.28,125.101,0,8,3774.5,1912.87
237.5,1,120.383,23.4195,3245.08,0.728594,-0.152065,-56.3739,125.097,0,8,3749.78,1899.23
237.6,1,120.383,23.4194,3224.39,0.729897,-0.142036,-56.4665,125.093,0,8,3725.02,1885.6
237.7,1,120.383,23.4193,3203.65,0.731197,-0.132152,-56.5578,125.09,1,8,3700.21,1871.98
237.8,1,120.383,23.4193,3182.84,0.732493,-0.122414,-56.6478,125.086,1,8,3675.36,1858.37
237.9,1,120.383,23.4192,3161.98,0.733786,-0.112823,-56.7364,125.082,1,8,3650.46,1844.76
238,1,120.383,23.4191,3141.06,0.735076,-0.103381,-56.8238,125.078,1,8,3625.52,1831.17
238.1,1,120.383,23.4191,3120.08,0.736361,-0.0940875,-56.9098,125.074,1,8,3600.53,1817.59
238.2,1,120.383,23.419,3099.04,0.737643,-0.0849389,-56.9945,125.07,1,8,3575.49,1804.01
238.3,1,120.383,23.4189,3077.95,0.738922,-0.075751,-57.0778,125.066,1,8,3550.41,1790.45
238.4,1,120.384,23.4188,3056.8,0.740196,-0.0657091,-57.1594,125.061,1,8,3525.29,1776.89
238.5,1,120.384,23.4188,3035.59,0.741466,-0.0530362,-57.2384,125.052,1,8,3500.12,1763.34
238.6,1,120.384,23.4187,3014.33,0.742733,-0.0352903,-57.3137,125.039,1,8,3474.91,1749.8
238.7,1,120.384,23.4186,2993.01,0.743995,-0.0101676,-57.3841,125.017,1,8,3449.65,1736.27
238.8,1,120.384,23.4186,2971.63,0.745254,0.0236763,-57.449,124.987,1,8,3424.35,1722.74
238.9,1,120.384,23.4185,2950.2,0.74651,0.0661706,-57.5079,124.948,1,8,3399.01,1709.22
239,1,120.384,23.4184,2928.72,0.747761,0.115895,-57.5613,124.901,1,8,3373.62,1695.7
239.1,1,120.384,23.4184,2907.19,0.749009,0.17064,-57.6106,124.848,1,8,3348.19,1682.18
239.2,1,120.384,23.4183,2885.61,0.750253,0.228042,-57.6567,124.792,1,8,3322.72,1668.67
239.3,1,120.384,23.4182,2863.97,0.751494,0.286113,-57.7003,124.734,1,8,3297.2,1655.16
239.4,1,120.385,23.4181,2842.29,0.75273,0.343549,-57.7418,124.675,1,8,3271.64,1641.64
239.5,1,120.385,23.4181,2820.56,0.753963,0.399758,-57.7814,124.616,1,8,3246.04,1628.13
239.6,1,120.385,23.418,2798.78,0.75519,0.454666,-57.8191,124.557,1,8,3220.39,1614.61
239.7,1,120.385,23.4179,2776.96,0.756413,0.508427,-57.8547,124.497,1,8,3194.71,1601.08
239.8,1,120.385,23.4179,2755.09,0.757632,0.561161,-57.8884,124.437,1,8,3168.98,1587.55
239.9,1,120.385,23.4178,2733.17,0.758845,0.6128,-57.9201,124.376,1,8,3143.21,1574.02
240,1,120.385,23.4177,2711.21,0.760053,0.663059,-57.9501,124.314,1,8,3117.4,1560.48
240.1,1,120.385,23.4177,2689.21,0.761256,0.711515,-57.9785,124.253,1,8,3091.55,1546.93
240.2,1,120.385,23.4176,2667.16,0.762454,0.757719,-58.0055,124.193,1,8,3065.65,1533.37
240.3,1,120.386,23.4175,2645.07,0.763647,0.801311,-58.0315,124.135,1,8,3039.72,1519.81
240.4,1,120.386,23.4174,2622.94,0.764833,0.842078,-58.0565,124.078,1,8,3013.74,1506.24
240.5,1,120.386,23.4174,2600.77,0.766015,0.879957,-58.0807,124.022,1,8,2987.73,1492.65
240.6,1,120.386,23.4173,2578.56,0.76719,0.914996,-58.1041,123.969,1,8,2961.67,1479.06
240.7,1,120.386,23.4172,2556.31,0.76836,0.947289,-58.1268,123.917,1,8,2935.57,1465.45
240.8,1,120.386,23.4172,2534.01,0.769523,0.976925,-58.1488,123.867,1,8,2909.44,1451.84
240.9,1,120.386,23.4171,2511.68,0.770681,1.00395,-58.1702,123.819,1,8,2883.26,1438.21
241,1,120.386,23.417,2489.31,0.771833,1.02836,-58.191,123.773,1,8,2857.05,1424.58
241.1,1,120.386,23.417,2466.9,0.772978,1.05012,-58.2113,123.729,1,8,2830.79,1410.93
241.2,1,120.387,23.4169,2444.45,0.774118,1.06918,-58.2312,123.687,1,8,2804.5,1397.27
241.3,1,120.387,23.4168,2421.97,0.775251,1.08552,-58.2509,123.647,1,8,2778.17,1383.59
241.4,1,120.387,23.4167,2399.44,0.776378,1.09914,-58.2703,123.609,1,8,2751.8,1369.91
241.5,1,120.387,23.4167,2376.88,0.777498,1.11007,-58.2897,123.574,1,8,2725.39,1356.21
241.6,1,120.387,23.4166,2354.29,0.778612,1.11836,-58.3089,123.541,1,8,2698.95,1342.5
241.7,1,120.387,23.4165,2331.65,0.77972,1.12408,-58.328,123.511,1,8,2672.46,1328.78
241.8,1,120.387,23.4165,2308.98,0.780822,1.1273,-58.3472,123.482,1,8,2645.94,1315.05
241.9,1,120.387,23.4164,2286.28,0.781917,1.12808,-58.3664,123.456,1,8,2619.38,1301.3
242,1,120.387,23.4163,2263.53,0.783005,1.12645,-58.3857,123.433,1,8,2592.79,1287.54
242.1,1,120.388,23.4162,2240.75,0.784088,1.12246,-58.405,123.412,1,8,2566.15,1273.77
242.2,1,120.388,23.4162,2217.94,0.785164,1.11613,-58.4246,123.393,1,8,2539.48,1259.99
242.3,1,120.388,23.4161,2195.09,0.786233,1.1075,-58.4444,123.376,1,8,2512.78,1246.2
242.4,1,120.388,23.416,2172.21,0.787296,1.09661,-58.4645,123.362,1,8,2486.03,1232.39
242.5,1,120.388,23.416,2149.29,0.788353,1.08351,-58.4849,123.35,1,8,2459.26,1218.58
242.6,1,120.388,23.4159,2126.33,0.789403,1.06825,-58.5056,123.341,1,8,2432.44,1204.75
242.7,1,120.388,23.4158,2103.34,0.790447,1.05087,-58.5267,123.334,1,8,2405.59,1190.91
242.8,1,120.388,23.4158,2080.32,0.791484,1.03143,-58.5482,123.329,1,8,2378.71,1177.06
242.9,1,120.388,23.4157,2057.26,0.792514,1.00998,-58.5702,123.327,1,8,2351.78,1163.2
243,1,120.389,23.4156,2034.17,0.793538,0.986556,-58.5926,123.327,1,8,2324.83,1149.33
243.1,1,120.389,23.4155,2011.04,0.794555,0.961212,-58.6155,123.329,1,8,2297.84,1135.45
243.2,1,120.389,23.4155,1987.88,0.795566,0.933983,-58.639,123.334,1,8,2270.81,1121.55
243.3,1,120.389,23.4154,1964.68,0.79657,0.904909,-58.663,123.341,1,8,2243.76,1107.65
243.4,1,120.389,23.4153,1941.45,0.797568,0.874029,-58.6875,123.351,1,8,2216.66,1093.74
243.5,1,120.389,23.4153,1918.19,0.798559,0.841386,-58.7127,123.363,1,8,2189.54,1079.83
243.6,1,120.389,23.4152,1894.89,0.799544,0.80702,-58.7385,123.377,1,8,2162.38,1065.9
243.7,1,120.389,23.4151,1871.56,0.800522,0.770973,-58.7649,123.394,1,8,2135.18,1051.96
243.8,1,120.389,23.415,1848.19,0.801494,0.733286,-58.792,123.413,1,8,2107.96,1038.02
243.9,1,120.39,23.415,1824.79,0.802459,0.693999,-58.8197,123.435,1,8,2080.7,1024.07
244,1,120.39,23.4149,1801.36,0.803417,0.653151,-58.8482,123.459,1,8,2053.4,1010.12
244.1,1,120.39,23.4148,1777.89,0.804369,0.61078,-58.8773,123.485,1,8,2026.08,996.151
244.2,1,120.39,23.4148,1754.39,0.805314,0.566923,-58.9072,123.514,1,8,1998.72,982.182
244.3,1,120.39,23.4147,1730.85,0.806252,0.521616,-58.9378,123.545,1,8,1971.33,968.206
244.4,1,120.39,23.4146,1707.29,0.807184,0.474896,-58.9691,123.578,1,8,1943.91,954.226
244.5,1,120.39,23.4146,1683.68,0.808109,0.426799,-59.0012,123.614,1,8,1916.46,940.24
244.6,1,120.39,23.4145,1660.05,0.809027,0.377363,-59.034,123.652,1,8,1888.97,926.25
244.7,1,120.39,23.4144,1636.38,0.809939,0.326624,-59.0676,123.693,1,8,1861.46,912.257
244.8,1,120.391,23.4143,1612.68,0.810844,0.274619,-59.102,123.736,1,8,1833.91,898.259
244.9,1,120.391,23.4143,1588.94,0.811742,0.221385,-59.1371,123.781,1,8,1806.33,884.259
245,1,120.391,23.4142,1565.17,0.812633,0.166958,-59.1731,123.829,1,8,1778.73,870.256
245.1,1,120.391,23.4141,1541.36,0.813518,0.111374,-59.2098,123.879,1,8,1751.09,856.252
245.2,1,120.391,23.4141,1517.52,0.814395,0.0546715,-59.2473,123.932,1,8,1723.42,842.245
245.3,1,120.391,23.414,1493.65,0.815266,-0.00309179,-59.286,123.987,1,8,1695.72,828.238
245.4,1,120.391,23.4139,1469.75,0.816131,-0.0617914,-59.3266,124.045,1,8,1668,814.23
245.5,1,120.391,23.4138,1445.81,0.816989,-0.121347,-59.3689,124.105,1,8,1640.24,800.222
245.6,1,120.392,23.4138,1421.83,0.817841,-0.181723,-59.4129,124.167,1,8,1612.45,786.215
245.7,1,120.392,23.4137,1397.82,0.818687,-0.242908,-59.4584,124.231,1,8,1584.64,772.209
245.8,1,120.392,23.4136,1373.78,0.819526,-0.304905,-59.5053,124.297,1,8,1556.8,758.206
245.9,1,120.392,23.4136,1349.71,0.820359,-0.367722,-59.5536,124.366,1,8,1528.92,744.206
246,1,120.392,23.4135,1325.59,0.821185,-0.431366,-59.603,124.437,1,8,1501.02,730.209
246.1,1,120.392,23.4134,1301.45,0.822005,-0.495838,-59.6536,124.511,1,8,1473.09,716.217
246.2,1,120.392,23.4133,1277.27,0.822818,-0.561134,-59.7053,124.587,1,8,1445.14,702.23
246.3,1,120.392,23.4133,1253.05,0.823625,-0.62724,-59.7579,124.665,1,8,1417.15,688.249
246.4,1,120.392,23.4132,1228.8,0.824426,-0.694134,-59.8114,124.746,1,8,1389.14,674.274
246.5,1,120.393,23.4131,1204.51,0.82522,-0.761786,-59.8658,124.83,1,8,1361.1,660.307
246.6,1,120.393,23.4131,1180.19,0.826008,-0.830158,-59.9208,124.916,1,8,1333.03,646.347
246.7,1,120.393,23.413,1155.83,0.826789,-0.899201,-59.9766,125.005,1,8,1304.94,632.396
246.8,1,120.393,23.4129,1131.43,0.827564,-0.968864,-60.0328,125.097,1,8,1276.82,618.454
246.9,1,120.393,23.4128,1107,0.828332,-1.03909,-60.0896,125.191,1,8,1248.67,604.521
247,1,120.393,23.4128,1082.54,0.829095,-1.1098,-60.1468,125.288,1,8,1220.5,590.599
247.1,1,120.393,23.4127,1058.04,0.82985,-1.18094,-60.2042,125.388,1,8,1192.3,576.687
247.2,1,120.393,23.4126,1033.5,0.8306,-1.25242,-60.2619,125.49,1,8,1164.08,562.785
247.3,1,120.393,23.4126,1008.93,0.831342,-1.32417,-60.3197,125.594,1,8,1135.83,548.895
247.4,1,120.394,23.4125,984.322,0.832079,-1.3961,-60.3775,125.702,1,8,1107.55,535.017
247.5,1,120.394,23.4124,959.68,0.832809,-1.46813,-60.4352,125.811,1,8,1079.25,521.15
247.6,1,120.394,23.4124,935.002,0.833533,-1.54016,-60.4928,125.924,1,8,1050.93,507.296
247.7,1,120.394,23.4123,910.289,0.834251,-1.61209,-60.5501,126.038,1,8,1022.58,493.454
247.8,1,120.394,23.4122,885.541,0.834962,-1.68384,-60.607,126.155,1,8,994.201,479.625
247.9,1,120.394,23.4121,860.759,0.835667,-1.75531,-60.6634,126.275,1,8,965.802,465.808
248,1,120.394,23.4121,835.942,0.836366,-1.82638,-60.7193,126.396,1,8,937.379,452.005
248.1,1,120.394,23.412,811.09,0.837058,-1.89696,-60.7745,126.52,1,8,908.933,438.214
248.2,1,120.394,23.4119,786.205,0.837744,-1.96695,-60.8288,126.646,1,8,880.462,424.436
248.3,1,120.395,23.4119,761.286,0.838423,-2.03623,-60.8823,126.775,1,8,851.969,410.671
248.4,1,120.395,23.4118,736.334,0.839096,-2.10468,-60.9347,126.905,1,8,823.452,396.918
248.5,1,120.395,23.4117,711.349,0.839763,-2.17221,-60.9859,127.037,1,8,794.913,383.179
248.6,1,120.395,23.4116,686.331,0.840423,-2.23868,-61.0358,127.171,1,8,766.351,369.451
248.7,1,120.395,23.4116,661.281,0.841077,-2.30397,-61.0844,127.307,1,8,737.766,355.736
248.8,1,120.395,23.4115,636.2,0.841724,-2.36795,-61.1314,127.444,1,8,709.16,342.033
248.9,1,120.395,23.4114,611.087,0.842365,-2.4305,-61.1767,127.583,1,8,680.531,328.341
249,1,120.395,23.4114,585.943,0.842999,-2.49146,-61.2203,127.723,1,8,651.882,314.66
249.1,1,120.395,23.4113,560.769,0.843627,-2.55069,-61.2618,127.864,1,8,623.21,300.99
249.2,1,120.396,23.4112,535.565,0.844249,-2.60802,-61.3013,128.007,1,8,594.518,287.33
249.3,1,120.396,23.4111,510.333,0.844864,-2.66329,-61.3386,128.15,1,8,565.805,273.679
249.4,1,120.396,23.4111,485.072,0.845472,-2.71629,-61.3734,128.294,1,8,537.071,260.037
249.5,1,120.396,23.411,459.783,0.846074,-2.76681,-61.4057,128.438,1,8,508.318,246.403
249.6,1,120.396,23.4109,434.467,0.846669,-2.81461,-61.4352,128.583,1,8,479.544,232.776
249.7,1,120.396,23.4109,409.125,0.847258,-2.85941,-61.4618,128.727,1,8,450.751,219.156
249.8,1,120.396,23.4108,383.758,0.847841,-2.90088,-61.4853,128.871,1,8,421.938,205.54
249.9,1,120.396,23.4107,358.366,0.848416,-2.93866,-61.5055,129.013,1,8,393.107,191.929
250,1,120.396,23.4106,332.95,0.848986,-2.97227,-61.5221,129.154,1,8,364.256,178.321
250.1,1,120.397,23.4106,307.511,0.849549,-3.00117,-61.535,129.293,1,8,335.388,164.715
250.2,1,120.397,23.4105,282.05,0.850106,-3.02465,-61.5438,129.429,1,8,306.503,151.11
250.3,1,120.397,23.4104,256.569,0.850656,-3.04183,-61.5482,129.561,1,8,277.6,137.503
250.4,1,120.397,23.4103,231.067,0.851201,-3.05158,-61.548,129.688,1,8,248.682,123.894
250.5,1,120.397,23.4103,205.548,0.851739,-3.05237,-61.5427,129.807,1,8,219.749,110.281
250.6,1,120.397,23.4102,180.01,0.852271,-3.04217,-61.5318,129.917,1,8,190.802,96.6613
250.7,1,120.397,23.4101,154.457,0.852798,-3.01811,-61.5147,130.014,1,8,161.846,83.0339
250.8,1,120.397,23.4101,128.889,0.853319,-2.97603,-61.4907,130.093,1,8,132.885,69.3962
250.9,1,120.397,23.41,103.309,0.853835,-2.90963,-61.4587,130.148,1,8,103.93,55.7457
251,1,120.398,23.4099,77.7164,0.854347,-2.80878,-61.4172,130.167,0,8,75.0076,42.0799
251.1,1,120.398,23.4098,52.115,0.854855,-2.65573,-61.3637,130.129,0,8,46.2137,28.3961
251.2,1,120.398,23.4098,26.5065,0.855361,-2.41582,-61.2938,129.997,0,8,18.2488,14.6937
251.3,1,120.398,23.4097,0.893936,0.855865,-2.0684,-61.2045,129.741,0,8,14.8655,1.14904
